surface,placement_type,image_url,scrape_timestamp
food_home,module,https://careem-launcher-media.imgix.net/assets/com.careem.food/McD_copy_xxxhdpi.jpg,2025-08-23T21:22:30.567605+04:00
food_home,module,https://careem-launcher-media.imgix.net/assets/com.careem.food/Pizza_Hut_copy_xxxhdpi.jpg,2025-08-23T21:22:30.567652+04:00
food_home,module,https://careem-launcher-media.imgix.net/assets/com.careem.food/KFC_copy_xxxhdpi.jpg,2025-08-23T21:22:30.567662+04:00
food_home,module,https://careem-launcher-media.imgix.net/assets/com.careem.food/Popeyes_copy_xxxhdpi.jpg,2025-08-23T21:22:30.567667+04:00
food_home,module,https://careem-launcher-media.imgix.net/assets/com.careem.food/Jolibee_copy_xxxhdpi.jpg,2025-08-23T21:22:30.567671+04:00
food_home,module,https://careem-launcher-media.imgix.net/assets/com.careem.food/Laffah_copy_2_xxxhdpi.jpg,2025-08-23T21:22:30.567675+04:00
food_home,carousel,https://careem-prod-superapp-lts.s3.amazonaws.com/assets/com.careem.food/Offers_01-new-tile-image_xxxhdpi.png,2025-08-23T21:22:30.567685+04:00
food_home,carousel,https://careem-prod-superapp-lts.s3.amazonaws.com/assets/com.careem.food/GOTYOU-tile-image-new_xxxhdpi.png,2025-08-23T21:22:30.567690+04:00
food_home,carousel,https://careem-prod-superapp-lts.s3.amazonaws.com/assets/com.careem.food/healthy_new_UAE_tile_xxxhdpi.png,2025-08-23T21:22:30.567694+04:00
food_home,carousel,https://careem-prod-superapp-lts.s3.amazonaws.com/assets/com.careem.food/Burger-new-tile-image_xxxhdpi.png,2025-08-23T21:22:30.567697+04:00
food_home,carousel,https://careem-prod-superapp-lts.s3.amazonaws.com/assets/com.careem.food/lebanese_new_tile_xxxhdpi.png,2025-08-23T21:22:30.567700+04:00
food_home,carousel,https://careem-prod-superapp-lts.s3.amazonaws.com/assets/com.careem.food/Indian04-new-tile-image_xxxhdpi.png,2025-08-23T21:22:30.567703+04:00
food_home,carousel,https://careem-prod-superapp-lts.s3.amazonaws.com/assets/com.careem.food/Pizza-tile-new-image_xxxhdpi.png,2025-08-23T21:22:30.567706+04:00
food_home,carousel,https://careem-prod-superapp-lts.s3.amazonaws.com/assets/com.careem.food/Asian-tile-new-image-v2_xxxhdpi.png,2025-08-23T21:22:30.567708+04:00
food_home,carousel,https://careem-prod-superapp-lts.s3.amazonaws.com/assets/com.careem.food/dessert_new_UAE_tile_xxxhdpi.png,2025-08-23T21:22:30.567711+04:00
food_home,carousel,https://careem-prod-superapp-lts.s3.amazonaws.com/assets/com.careem.food/CareemPlus_UAE_022-new-tile-image_xxxhdpi.png,2025-08-23T21:22:30.567714+04:00
food_home,carousel,https://careem-prod-superapp-lts.s3.amazonaws.com/assets/com.careem.food/Arabic-new-tile-image_xxxhdpi.png,2025-08-23T21:22:30.567717+04:00
food_home,carousel,https://careem-launcher-media.imgix.net/assets/com.careem.food/dineout-logo-for-foodselections_xxxhdpi.png,2025-08-23T21:22:30.567719+04:00
food_home,carousel,https://careem-prod-superapp-lts.s3.amazonaws.com/assets/com.careem.food/BestSelling-new-tile-image_xxxhdpi.png,2025-08-23T21:22:30.567722+04:00
food_home,carousel,https://careem-prod-superapp-lts.s3.amazonaws.com/assets/com.careem.food/biryani_new_UAE_tile_xxxhdpi.png,2025-08-23T21:22:30.567725+04:00
food_home,carousel,https://d2hbd21uwni673.cloudfront.net/assets/com.careem.food/chaat_tile_v2_xxxhdpi.png,2025-08-23T21:22:30.567728+04:00
food_home,carousel,https://careem-prod-superapp-lts.s3.amazonaws.com/assets/com.careem.food/ChickenWings-new-tile-image_xxxhdpi.png,2025-08-23T21:22:30.567730+04:00
food_home,carousel,https://d2hbd21uwni673.cloudfront.net/assets/com.careem.food/Coffee-subpage-new-tile-image_xxxhdpi.png,2025-08-23T21:22:30.567733+04:00
food_home,carousel,https://careem-prod-superapp-lts.s3.amazonaws.com/assets/com.careem.food/Egyptian-new-tile-image_xxxhdpi.png,2025-08-23T21:22:30.567735+04:00
food_home,carousel,https://careem-prod-superapp-lts.s3.amazonaws.com/assets/com.careem.food/Philipino-new-tile-image_xxxhdpi.png,2025-08-23T21:22:30.567738+04:00
food_home,carousel,https://d2hbd21uwni673.cloudfront.net/assets/com.careem.food/gifting_tile_v2_xxxhdpi.png,2025-08-23T21:22:30.567740+04:00
food_home,carousel,https://careem-prod-superapp-lts.s3.amazonaws.com/assets/com.careem.food/ice_cream_subpage_tile_xxxhdpi.png,2025-08-23T21:22:30.567743+04:00
food_home,carousel,https://careem-prod-superapp-lts.s3.amazonaws.com/assets/com.careem.food/iranian_new_tile_image_xxxhdpi.png,2025-08-23T21:22:30.567745+04:00
food_home,carousel,https://careem-prod-superapp-lts.s3.amazonaws.com/assets/com.careem.food/italian_new_tile_xxxhdpi.png,2025-08-23T21:22:30.567748+04:00
food_home,carousel,https://careem-prod-superapp-lts.s3.amazonaws.com/assets/com.careem.food/Kerala-new-tile-image_xxxhdpi.png,2025-08-23T21:22:30.567751+04:00
food_home,carousel,https://careem-prod-superapp-lts.s3.amazonaws.com/assets/com.careem.food/manakish_new_tile_xxxhdpi.png,2025-08-23T21:22:30.567753+04:00
food_home,carousel,https://careem-prod-superapp-lts.s3.amazonaws.com/assets/com.careem.food/mexican_new_tile_xxxhdpi.png,2025-08-23T21:22:30.567756+04:00
food_home,carousel,https://careem-prod-superapp-lts.s3.amazonaws.com/assets/com.careem.food/GatheringMeals-tile-new-image_xxxhdpi.png,2025-08-23T21:22:30.567759+04:00
food_home,carousel,https://careem-prod-superapp-lts.s3.amazonaws.com/assets/com.careem.food/NewAdditions_EN-new-tile-image_xxxhdpi.png,2025-08-23T21:22:30.567761+04:00
food_home,carousel,https://careem-prod-superapp-lts.s3.amazonaws.com/assets/com.careem.food/Noodles-tile-new-image_xxxhdpi.png,2025-08-23T21:22:30.567764+04:00
food_home,carousel,https://careem-prod-superapp-lts.s3.amazonaws.com/assets/com.careem.food/north_indian_new_tile_image_xxxhdpi.png,2025-08-23T21:22:30.567766+04:00
food_home,carousel,https://careem-prod-superapp-lts.s3.amazonaws.com/assets/com.careem.food/Pakistani_tile_V2_UAE_xxxhdpi.png,2025-08-23T21:22:30.567769+04:00
food_home,carousel,https://careem-prod-superapp-lts.s3.amazonaws.com/assets/com.careem.food/Paratha-tile-new-image_xxxhdpi.png,2025-08-23T21:22:30.567771+04:00
food_home,carousel,https://careem-prod-superapp-lts.s3.amazonaws.com/assets/com.careem.food/PureVegs_EN-new-tile-image_xxxhdpi.png,2025-08-23T21:22:30.567774+04:00
food_home,carousel,https://careem-prod-superapp-lts.s3.amazonaws.com/assets/com.careem.food/Russian02-new-tile-image_xxxhdpi.png,2025-08-23T21:22:30.567777+04:00
food_home,carousel,https://careem-prod-superapp-lts.s3.amazonaws.com/assets/com.careem.food/SandwichWraps-tile-new-image_xxxhdpi.png,2025-08-23T21:22:30.567779+04:00
food_home,carousel,https://careem-prod-superapp-lts.s3.amazonaws.com/assets/com.careem.food/Shawarma-tile-new-image_xxxhdpi.png,2025-08-23T21:22:30.567782+04:00
food_home,carousel,https://careem-prod-superapp-lts.s3.amazonaws.com/assets/com.careem.food/SouthIndian-tile-new-image_xxxhdpi.png,2025-08-23T21:22:30.567785+04:00
food_home,carousel,https://careem-prod-superapp-lts.s3.amazonaws.com/assets/com.careem.food/Sushi-tile-new-image_xxxhdpi.png,2025-08-23T21:22:30.567788+04:00
food_home,carousel,https://careem-prod-superapp-lts.s3.amazonaws.com/assets/com.careem.food/Tea-tile-new-image_xxxhdpi.png,2025-08-23T21:22:30.567790+04:00
food_home,carousel,https://careem-prod-superapp-lts.s3.amazonaws.com/assets/com.careem.food/Breakfast-new-tile-image_xxxhdpi.png,2025-08-23T21:22:30.567793+04:00
food_home,carousel,https://careem-prod-superapp-lts.s3.amazonaws.com/assets/com.careem.food/WellnessBowls-tile-new-image_xxxhdpi.png,2025-08-23T21:22:30.567795+04:00
food_home,module,https://careem-mot.imgix.net/merchants/brand-media/newproject-6khgmgy3i5.jpg,2025-08-23T21:22:30.567827+04:00
food_home,module,https://careem-mot.imgix.net/merchants/brand-media/newproject8-kpqibr1cho.jpg,2025-08-23T21:22:30.567830+04:00
food_home,module,https://careem-mot.imgix.net/merchants/brand-media/newproject6-2apftos86v.jpg,2025-08-23T21:22:30.567833+04:00
food_home,module,https://careem-mot.imgix.net/merchants/brand-media/papajohns-v2r83hqfnz.jpg,2025-08-23T21:22:30.567835+04:00
food_home,module,https://careem-mot.imgix.net/merchants/brand-media/newproject6-qeiiined1c.jpg,2025-08-23T21:22:30.567838+04:00
food_home,module,https://careem-mot.imgix.net/merchants/brand-media/0022-papamurphy-spizza-logo-xxxhdpi-noorulhudapng-qk3s1azxvb.jpg,2025-08-23T21:22:30.567840+04:00
food_home,module,https://careem-mot.imgix.net/merchants/brand-media/142-m4xdbnqp18.jpg,2025-08-23T21:22:30.567843+04:00
food_home,module,https://careem-mot.imgix.net/merchants/brand-media/newproject-2025-08-20t140950565-jycvid1ijc.jpg,2025-08-23T21:22:30.567846+04:00
food_home,module,https://careem-mot.imgix.net/merchants/brand-media/newproject7-plnnj8wquh.jpg,2025-08-23T21:22:30.567848+04:00
food_home,module,https://careem-mot.imgix.net/merchants/brand-media/maraheblogo-gkzqgna6xq.jpg,2025-08-23T21:22:30.567850+04:00
food_home,module,https://careem-mot.imgix.net/merchants/brand-media/0077-1250logo-faizali1pdf-fobozon8xr-y0cfuroy36.jpg,2025-08-23T21:22:30.567853+04:00
food_home,module,https://careem-mot.imgix.net/merchants/brand-media/popeyeslogo1-4y3rc38yjw.jpg,2025-08-23T21:22:30.567856+04:00
food_home,module,https://careem-mot.imgix.net/merchants/brand-media/shakeshacklogo-1440x477px-02bilin-la3seei6wg-6ba3vo3hxw.jpg,2025-08-23T21:22:30.567858+04:00
food_home,module,https://careem-mot.imgix.net/merchants/brand-media/0017-swadesvegrestaurant-logo-xxxhdpi-noorulhudajpeg-kfvvl7bmfs.jpg,2025-08-23T21:22:30.567861+04:00
food_home,module,https://careem-mot.imgix.net/merchants/brand-media/newproject6-enz1xyy10d.jpg,2025-08-23T21:22:30.567863+04:00
food_home,module,https://careem-mot.imgix.net/catalogs/merchants-info/whatsappimage2021-06-27at83304pm-unidnq8z8e.jpg,2025-08-23T21:22:30.567865+04:00
food_home,module,https://careem-mot.imgix.net/merchants/brand-media/0015-aaraamamrestaurant-logo-xxxhdpi-noorulhudapng-uhz30sf3bj.jpg,2025-08-23T21:22:30.567868+04:00
food_home,module,https://careem-mot.imgix.net/merchants/brand-media/logo-ygtsexfgez.jpg,2025-08-23T21:22:30.567870+04:00
food_home,module,https://careem-mot.imgix.net/merchants/brand-media/0026-sbx-logo-vert-ck-kayleegacilespng-ysnwik1ewo.jpg,2025-08-23T21:22:30.567873+04:00
food_home,module,https://careem-mot.imgix.net/merchants/brand-media/newproject4-ltaivsys8k.jpg,2025-08-23T21:22:30.567875+04:00
food_home,module,https://careem-launcher-media.imgix.net/assets/com.careem.food/Food-EIBbank-GridWidget-384x366_xxxhdpi.jpg,2025-08-23T21:22:30.567889+04:00
food_home,module,https://careem-launcher-media.imgix.net/assets/com.careem.food/FAB_25_Updated_grid_xxxhdpi.jpg,2025-08-23T21:22:30.567892+04:00
food_home,module,https://careem-launcher-media.imgix.net/assets/com.careem.food/FAB_20_Updated_grid_xxxhdpi.jpg,2025-08-23T21:22:30.567895+04:00
food_home,module,https://careem-launcher-media.imgix.net/tmp/com.careem.food/250505_Food_GridWidget_OfferBanks_384x366_xxxhdpi.png,2025-08-23T21:22:30.567897+04:00
food_home,module,https://careem-launcher-media.imgix.net/assets/com.careem.food/250625_Food_HILAL_GridWidget_384x366_xxxhdpi.png,2025-08-23T21:22:30.567900+04:00
food_home,module,https://careem-launcher-media.imgix.net/assets/com.careem.food/250625_Food_E__GridWidget_384x366_(1)_xxxhdpi.png,2025-08-23T21:22:30.567903+04:00
food_home,background_media,https://careem-launcher-media.imgix.net/assets/com.careem.food/250708_Food_Growth_Offers_RichCorousel_PM_1125x1101_PS_xxxhdpi.jpg,2025-08-23T21:22:30.567963+04:00
food_home,direct_url,https://careem-launcher-media.imgix.net/assets/com.careem.food/McD_copy_xxxhdpi.jpg,2025-08-23T21:22:30.567972+04:00
food_home,background_media,https://careem-launcher-media.imgix.net/assets/com.careem.food/McD_copy_xxxhdpi.jpg,2025-08-23T21:22:30.567975+04:00
food_home,direct_url,https://careem-launcher-media.imgix.net/assets/com.careem.food/Pizza_Hut_copy_xxxhdpi.jpg,2025-08-23T21:22:30.567998+04:00
food_home,background_media,https://careem-launcher-media.imgix.net/assets/com.careem.food/Pizza_Hut_copy_xxxhdpi.jpg,2025-08-23T21:22:30.568001+04:00
food_home,direct_url,https://careem-launcher-media.imgix.net/assets/com.careem.food/KFC_copy_xxxhdpi.jpg,2025-08-23T21:22:30.568016+04:00
food_home,background_media,https://careem-launcher-media.imgix.net/assets/com.careem.food/KFC_copy_xxxhdpi.jpg,2025-08-23T21:22:30.568019+04:00
food_home,direct_url,https://careem-launcher-media.imgix.net/assets/com.careem.food/Popeyes_copy_xxxhdpi.jpg,2025-08-23T21:22:30.568032+04:00
food_home,background_media,https://careem-launcher-media.imgix.net/assets/com.careem.food/Popeyes_copy_xxxhdpi.jpg,2025-08-23T21:22:30.568035+04:00
food_home,direct_url,https://careem-launcher-media.imgix.net/assets/com.careem.food/Jolibee_copy_xxxhdpi.jpg,2025-08-23T21:22:30.568049+04:00
food_home,background_media,https://careem-launcher-media.imgix.net/assets/com.careem.food/Jolibee_copy_xxxhdpi.jpg,2025-08-23T21:22:30.568051+04:00
food_home,direct_url,https://careem-launcher-media.imgix.net/assets/com.careem.food/Laffah_copy_2_xxxhdpi.jpg,2025-08-23T21:22:30.568064+04:00
food_home,background_media,https://careem-launcher-media.imgix.net/assets/com.careem.food/Laffah_copy_2_xxxhdpi.jpg,2025-08-23T21:22:30.568067+04:00
food_home,image,https://careem-prod-superapp-lts.s3.amazonaws.com/assets/com.careem.food/Offers_01-new-tile-image_xxxhdpi.png,2025-08-23T21:22:30.568088+04:00
food_home,image,https://careem-prod-superapp-lts.s3.amazonaws.com/assets/com.careem.food/GOTYOU-tile-image-new_xxxhdpi.png,2025-08-23T21:22:30.568104+04:00
food_home,image,https://careem-prod-superapp-lts.s3.amazonaws.com/assets/com.careem.food/healthy_new_UAE_tile_xxxhdpi.png,2025-08-23T21:22:30.568119+04:00
food_home,image,https://careem-prod-superapp-lts.s3.amazonaws.com/assets/com.careem.food/Burger-new-tile-image_xxxhdpi.png,2025-08-23T21:22:30.568133+04:00
food_home,image,https://careem-prod-superapp-lts.s3.amazonaws.com/assets/com.careem.food/lebanese_new_tile_xxxhdpi.png,2025-08-23T21:22:30.568147+04:00
food_home,image,https://careem-prod-superapp-lts.s3.amazonaws.com/assets/com.careem.food/Indian04-new-tile-image_xxxhdpi.png,2025-08-23T21:22:30.568161+04:00
food_home,image,https://careem-prod-superapp-lts.s3.amazonaws.com/assets/com.careem.food/Pizza-tile-new-image_xxxhdpi.png,2025-08-23T21:22:30.568175+04:00
food_home,image,https://careem-prod-superapp-lts.s3.amazonaws.com/assets/com.careem.food/Asian-tile-new-image-v2_xxxhdpi.png,2025-08-23T21:22:30.568189+04:00
food_home,image,https://careem-prod-superapp-lts.s3.amazonaws.com/assets/com.careem.food/dessert_new_UAE_tile_xxxhdpi.png,2025-08-23T21:22:30.568202+04:00
food_home,image,https://careem-prod-superapp-lts.s3.amazonaws.com/assets/com.careem.food/CareemPlus_UAE_022-new-tile-image_xxxhdpi.png,2025-08-23T21:22:30.568216+04:00
food_home,image,https://careem-prod-superapp-lts.s3.amazonaws.com/assets/com.careem.food/Arabic-new-tile-image_xxxhdpi.png,2025-08-23T21:22:30.568230+04:00
food_home,image,https://careem-launcher-media.imgix.net/assets/com.careem.food/dineout-logo-for-foodselections_xxxhdpi.png,2025-08-23T21:22:30.568244+04:00
food_home,image,https://careem-prod-superapp-lts.s3.amazonaws.com/assets/com.careem.food/BestSelling-new-tile-image_xxxhdpi.png,2025-08-23T21:22:30.568258+04:00
food_home,image,https://careem-prod-superapp-lts.s3.amazonaws.com/assets/com.careem.food/biryani_new_UAE_tile_xxxhdpi.png,2025-08-23T21:22:30.568272+04:00
food_home,image,https://d2hbd21uwni673.cloudfront.net/assets/com.careem.food/chaat_tile_v2_xxxhdpi.png,2025-08-23T21:22:30.568285+04:00
food_home,image,https://careem-prod-superapp-lts.s3.amazonaws.com/assets/com.careem.food/ChickenWings-new-tile-image_xxxhdpi.png,2025-08-23T21:22:30.568299+04:00
food_home,image,https://d2hbd21uwni673.cloudfront.net/assets/com.careem.food/Coffee-subpage-new-tile-image_xxxhdpi.png,2025-08-23T21:22:30.568312+04:00
food_home,image,https://careem-prod-superapp-lts.s3.amazonaws.com/assets/com.careem.food/Egyptian-new-tile-image_xxxhdpi.png,2025-08-23T21:22:30.568327+04:00
food_home,image,https://careem-prod-superapp-lts.s3.amazonaws.com/assets/com.careem.food/Philipino-new-tile-image_xxxhdpi.png,2025-08-23T21:22:30.568355+04:00
food_home,image,https://d2hbd21uwni673.cloudfront.net/assets/com.careem.food/gifting_tile_v2_xxxhdpi.png,2025-08-23T21:22:30.568369+04:00
food_home,image,https://careem-prod-superapp-lts.s3.amazonaws.com/assets/com.careem.food/ice_cream_subpage_tile_xxxhdpi.png,2025-08-23T21:22:30.568383+04:00
food_home,image,https://careem-prod-superapp-lts.s3.amazonaws.com/assets/com.careem.food/iranian_new_tile_image_xxxhdpi.png,2025-08-23T21:22:30.568397+04:00
food_home,image,https://careem-prod-superapp-lts.s3.amazonaws.com/assets/com.careem.food/italian_new_tile_xxxhdpi.png,2025-08-23T21:22:30.568410+04:00
food_home,image,https://careem-prod-superapp-lts.s3.amazonaws.com/assets/com.careem.food/Kerala-new-tile-image_xxxhdpi.png,2025-08-23T21:22:30.568423+04:00
food_home,image,https://careem-prod-superapp-lts.s3.amazonaws.com/assets/com.careem.food/manakish_new_tile_xxxhdpi.png,2025-08-23T21:22:30.568437+04:00
food_home,image,https://careem-prod-superapp-lts.s3.amazonaws.com/assets/com.careem.food/mexican_new_tile_xxxhdpi.png,2025-08-23T21:22:30.568451+04:00
food_home,image,https://careem-prod-superapp-lts.s3.amazonaws.com/assets/com.careem.food/GatheringMeals-tile-new-image_xxxhdpi.png,2025-08-23T21:22:30.568464+04:00
food_home,image,https://careem-prod-superapp-lts.s3.amazonaws.com/assets/com.careem.food/NewAdditions_EN-new-tile-image_xxxhdpi.png,2025-08-23T21:22:30.568478+04:00
food_home,image,https://careem-prod-superapp-lts.s3.amazonaws.com/assets/com.careem.food/Noodles-tile-new-image_xxxhdpi.png,2025-08-23T21:22:30.568491+04:00
food_home,image,https://careem-prod-superapp-lts.s3.amazonaws.com/assets/com.careem.food/north_indian_new_tile_image_xxxhdpi.png,2025-08-23T21:22:30.568505+04:00
food_home,image,https://careem-prod-superapp-lts.s3.amazonaws.com/assets/com.careem.food/Pakistani_tile_V2_UAE_xxxhdpi.png,2025-08-23T21:22:30.568519+04:00
food_home,image,https://careem-prod-superapp-lts.s3.amazonaws.com/assets/com.careem.food/Paratha-tile-new-image_xxxhdpi.png,2025-08-23T21:22:30.568533+04:00
food_home,image,https://careem-prod-superapp-lts.s3.amazonaws.com/assets/com.careem.food/PureVegs_EN-new-tile-image_xxxhdpi.png,2025-08-23T21:22:30.568547+04:00
food_home,image,https://careem-prod-superapp-lts.s3.amazonaws.com/assets/com.careem.food/Russian02-new-tile-image_xxxhdpi.png,2025-08-23T21:22:30.568561+04:00
food_home,image,https://careem-prod-superapp-lts.s3.amazonaws.com/assets/com.careem.food/SandwichWraps-tile-new-image_xxxhdpi.png,2025-08-23T21:22:30.568575+04:00
food_home,image,https://careem-prod-superapp-lts.s3.amazonaws.com/assets/com.careem.food/Shawarma-tile-new-image_xxxhdpi.png,2025-08-23T21:22:30.568589+04:00
food_home,image,https://careem-prod-superapp-lts.s3.amazonaws.com/assets/com.careem.food/SouthIndian-tile-new-image_xxxhdpi.png,2025-08-23T21:22:30.568603+04:00
food_home,image,https://careem-prod-superapp-lts.s3.amazonaws.com/assets/com.careem.food/Sushi-tile-new-image_xxxhdpi.png,2025-08-23T21:22:30.568617+04:00
food_home,image,https://careem-prod-superapp-lts.s3.amazonaws.com/assets/com.careem.food/Tea-tile-new-image_xxxhdpi.png,2025-08-23T21:22:30.568630+04:00
food_home,image,https://careem-prod-superapp-lts.s3.amazonaws.com/assets/com.careem.food/Breakfast-new-tile-image_xxxhdpi.png,2025-08-23T21:22:30.568644+04:00
food_home,image,https://careem-prod-superapp-lts.s3.amazonaws.com/assets/com.careem.food/WellnessBowls-tile-new-image_xxxhdpi.png,2025-08-23T21:22:30.568658+04:00
food_home,generic,https://careem-mot.imgix.net/merchants/merchant-media/jawharatalsham-fwlarjowsl.jpg,2025-08-23T21:22:30.568687+04:00
food_home,direct_url,https://careem-launcher-media.imgix.net/assets/com.careem.food/one40_56_xxxhdpi.png,2025-08-23T21:22:30.568693+04:00
food_home,generic,https://careem-mot.imgix.net/merchants/merchant-media/mcdonaldshero-hwwdkcfzzd.jpg,2025-08-23T21:22:30.568731+04:00
food_home,direct_url,https://careem-launcher-media.imgix.net/assets/com.careem.food/two40_56_xxxhdpi.png,2025-08-23T21:22:30.568736+04:00
food_home,generic,https://careem-mot.imgix.net/merchants/merchant-media/dsc08926-qwwodwzhgd.jpg,2025-08-23T21:22:30.568770+04:00
food_home,direct_url,https://careem-launcher-media.imgix.net/assets/com.careem.food/three40_56_xxxhdpi.png,2025-08-23T21:22:30.568775+04:00
food_home,generic,https://careem-mot.imgix.net/merchants/merchant-media/guntur-gongura-biryani-17f793bfa09-large-4silvle11d.jpg,2025-08-23T21:22:30.568808+04:00
food_home,direct_url,https://careem-launcher-media.imgix.net/assets/com.careem.food/four40_56_xxxhdpi.png,2025-08-23T21:22:30.568813+04:00
food_home,generic,https://careem-mot.imgix.net/merchants/merchant-media/rumaanhero-gyy5oezwc8.jpg,2025-08-23T21:22:30.568846+04:00
food_home,direct_url,https://careem-launcher-media.imgix.net/assets/com.careem.food/five40_56_xxxhdpi.png,2025-08-23T21:22:30.568851+04:00
food_home,generic,https://careem-mot.imgix.net/merchants/merchant-media/mumbaijunctionheroimage-bx4cit1bzz.jpg,2025-08-23T21:22:30.568883+04:00
food_home,direct_url,https://careem-launcher-media.imgix.net/assets/com.careem.food/six40_56_xxxhdpi.png,2025-08-23T21:22:30.568889+04:00
food_home,generic,https://careem-mot.imgix.net/merchants/merchant-media/chaatbazaarhero-vrw7unhqhh.jpg,2025-08-23T21:22:30.568922+04:00
food_home,direct_url,https://careem-launcher-media.imgix.net/assets/com.careem.food/seven40_56_xxxhdpi.png,2025-08-23T21:22:30.568927+04:00
food_home,generic,https://careem-mot.imgix.net/merchants/merchant-media/cover-7jkrgf6cmu.jpg,2025-08-23T21:22:30.568960+04:00
food_home,direct_url,https://careem-launcher-media.imgix.net/assets/com.careem.food/eight40_56_xxxhdpi.png,2025-08-23T21:22:30.568965+04:00
food_home,generic,https://careem-mot.imgix.net/merchants/merchant-media/jollibeexcareembanner-qvbrfbbu5m.jpg,2025-08-23T21:22:30.568998+04:00
food_home,direct_url,https://careem-launcher-media.imgix.net/assets/com.careem.food/nine40_56_xxxhdpi.png,2025-08-23T21:22:30.569003+04:00
food_home,generic,https://careem-mot.imgix.net/merchants/merchant-media/11-rasgullacopy2-ox0emdjbwg.jpg,2025-08-23T21:22:30.569039+04:00
food_home,direct_url,https://careem-launcher-media.imgix.net/assets/com.careem.food/Ten40_56_xxxhdpi.png,2025-08-23T21:22:30.569045+04:00
food_home,background_media,https://careem-launcher-media.imgix.net/assets/com.careem.food/CS25-674_Food_KitopiMealOn_RichCarousel2_1125x1101_AC_xxxhdpi.jpg,2025-08-23T21:22:30.569090+04:00
food_home,generic,https://careem-catalog-media.imgix.net/catalogs/00de9e97a62167068050dfa7b4c35169.jpeg,2025-08-23T21:22:30.569096+04:00
food_home,generic,https://careem-catalog-media.imgix.net/catalogs/a5f1ac142725f14cc52e0504b5ca1bab.jpeg,2025-08-23T21:22:30.569130+04:00
food_home,generic,https://careem-catalog-media.imgix.net/catalogs/78c96b2c50fce34951dd645497088da8.jpeg,2025-08-23T21:22:30.569164+04:00
food_home,generic,https://careem-catalog-media.imgix.net/catalogs/a844f99decd860653c6d20f59d3f4a09.jpeg,2025-08-23T21:22:30.569200+04:00
food_home,generic,https://careem-catalog-media.imgix.net/catalogs/52ba34f74fba99720dddaed52b4f9f60.jpeg,2025-08-23T21:22:30.569231+04:00
food_home,generic,https://careem-catalog-media.imgix.net/catalogs/f905bfebcd3f27f91a8d7ee5b9e4b297.jpeg,2025-08-23T21:22:30.569263+04:00
food_home,generic,https://careem-catalog-media.imgix.net/catalogs/cfeab6e98f756990e1129735f6a8784c.png,2025-08-23T21:22:30.569294+04:00
food_home,generic,https://careem-catalog-media.imgix.net/catalogs/d020b777a7182b731c0b1b99aaf7a071.jpeg,2025-08-23T21:22:30.569329+04:00
food_home,generic,https://careem-catalog-media.imgix.net/catalogs/d5becb06fbece8910d5d039339ee20d3.jpeg,2025-08-23T21:22:30.569361+04:00
food_home,generic,https://careem-catalog-media.imgix.net/catalogs/bc8ee85dc7ca8c14dda59a0ca797c62a.jpg,2025-08-23T21:22:30.569392+04:00
food_home,generic,https://careem-catalog-media.imgix.net/catalogs/9cfde893cb7c69c763904a4f30eb6cf2.jpeg,2025-08-23T21:22:30.569424+04:00
food_home,generic,https://careem-catalog-media.imgix.net/catalogs/23ec8ac2378cf8271017e79c9fdac080.jpg,2025-08-23T21:22:30.569456+04:00
food_home,generic,https://careem-catalog-media.imgix.net/catalogs/3fad1e3650c24765008dfedd74f9772e.png,2025-08-23T21:22:30.569491+04:00
food_home,generic,https://careem-catalog-media.imgix.net/catalogs/a3f133645ae5da727e99c15b3487a281.jpeg,2025-08-23T21:22:30.569522+04:00
food_home,generic,https://careem-catalog-media.imgix.net/catalogs/chickentikkabiryani-mmhcsmmhun-1079019.jpg,2025-08-23T21:22:30.569554+04:00
food_home,generic,https://careem-catalog-media.imgix.net/catalogs/3cc33b295fb0e0fb062cdcb354bd9b9a.png,2025-08-23T21:22:30.569588+04:00
food_home,generic,https://careem-catalog-media.imgix.net/catalogs/93d24a6fb0d07b9480a7a1d2cb590d9b.jpg,2025-08-23T21:22:30.569619+04:00
food_home,generic,https://careem-catalog-media.imgix.net/catalogs/1716e369768c7280b11b3af500af39f3.png,2025-08-23T21:22:30.569651+04:00
food_home,generic,https://careem-catalog-media.imgix.net/catalogs/dafd6d08e4ec8383b137866d4a7d73d1.jpeg,2025-08-23T21:22:30.569683+04:00
food_home,generic,https://careem-catalog-media.imgix.net/catalogs/30da52b72e7cc7f08b48ba8531f544a8.jpeg,2025-08-23T21:22:30.569715+04:00
food_home,generic,https://careem-launcher-media.imgix.net/assets/com.careem.food/image(5)_xxxhdpi.png,2025-08-23T21:22:30.569746+04:00
food_home,direct_url,https://careem-mot.imgix.net/merchants/brand-media/newproject-6khgmgy3i5.jpg,2025-08-23T21:22:30.569775+04:00
food_home,background_media,https://careem-mot.imgix.net/merchants/brand-media/newproject-6khgmgy3i5.jpg,2025-08-23T21:22:30.569777+04:00
food_home,direct_url,https://careem-mot.imgix.net/merchants/brand-media/newproject8-kpqibr1cho.jpg,2025-08-23T21:22:30.569792+04:00
food_home,background_media,https://careem-mot.imgix.net/merchants/brand-media/newproject8-kpqibr1cho.jpg,2025-08-23T21:22:30.569794+04:00
food_home,direct_url,https://careem-mot.imgix.net/merchants/brand-media/newproject6-2apftos86v.jpg,2025-08-23T21:22:30.569809+04:00
food_home,background_media,https://careem-mot.imgix.net/merchants/brand-media/newproject6-2apftos86v.jpg,2025-08-23T21:22:30.569811+04:00
food_home,direct_url,https://careem-mot.imgix.net/merchants/brand-media/papajohns-v2r83hqfnz.jpg,2025-08-23T21:22:30.569826+04:00
food_home,background_media,https://careem-mot.imgix.net/merchants/brand-media/papajohns-v2r83hqfnz.jpg,2025-08-23T21:22:30.569828+04:00
food_home,direct_url,https://careem-mot.imgix.net/merchants/brand-media/newproject6-qeiiined1c.jpg,2025-08-23T21:22:30.569843+04:00
food_home,background_media,https://careem-mot.imgix.net/merchants/brand-media/newproject6-qeiiined1c.jpg,2025-08-23T21:22:30.569845+04:00
food_home,direct_url,https://careem-mot.imgix.net/merchants/brand-media/0022-papamurphy-spizza-logo-xxxhdpi-noorulhudapng-qk3s1azxvb.jpg,2025-08-23T21:22:30.569860+04:00
food_home,background_media,https://careem-mot.imgix.net/merchants/brand-media/0022-papamurphy-spizza-logo-xxxhdpi-noorulhudapng-qk3s1azxvb.jpg,2025-08-23T21:22:30.569862+04:00
food_home,direct_url,https://careem-mot.imgix.net/merchants/brand-media/142-m4xdbnqp18.jpg,2025-08-23T21:22:30.569877+04:00
food_home,background_media,https://careem-mot.imgix.net/merchants/brand-media/142-m4xdbnqp18.jpg,2025-08-23T21:22:30.569882+04:00
food_home,direct_url,https://careem-mot.imgix.net/merchants/brand-media/newproject-2025-08-20t140950565-jycvid1ijc.jpg,2025-08-23T21:22:30.569897+04:00
food_home,background_media,https://careem-mot.imgix.net/merchants/brand-media/newproject-2025-08-20t140950565-jycvid1ijc.jpg,2025-08-23T21:22:30.569899+04:00
food_home,direct_url,https://careem-mot.imgix.net/merchants/brand-media/newproject7-plnnj8wquh.jpg,2025-08-23T21:22:30.569913+04:00
food_home,background_media,https://careem-mot.imgix.net/merchants/brand-media/newproject7-plnnj8wquh.jpg,2025-08-23T21:22:30.569915+04:00
food_home,direct_url,https://careem-mot.imgix.net/merchants/brand-media/maraheblogo-gkzqgna6xq.jpg,2025-08-23T21:22:30.569928+04:00
food_home,background_media,https://careem-mot.imgix.net/merchants/brand-media/maraheblogo-gkzqgna6xq.jpg,2025-08-23T21:22:30.569930+04:00
food_home,direct_url,https://careem-mot.imgix.net/merchants/brand-media/0077-1250logo-faizali1pdf-fobozon8xr-y0cfuroy36.jpg,2025-08-23T21:22:30.569944+04:00
food_home,background_media,https://careem-mot.imgix.net/merchants/brand-media/0077-1250logo-faizali1pdf-fobozon8xr-y0cfuroy36.jpg,2025-08-23T21:22:30.569946+04:00
food_home,direct_url,https://careem-mot.imgix.net/merchants/brand-media/popeyeslogo1-4y3rc38yjw.jpg,2025-08-23T21:22:30.569965+04:00
food_home,background_media,https://careem-mot.imgix.net/merchants/brand-media/popeyeslogo1-4y3rc38yjw.jpg,2025-08-23T21:22:30.569967+04:00
food_home,direct_url,https://careem-mot.imgix.net/merchants/brand-media/shakeshacklogo-1440x477px-02bilin-la3seei6wg-6ba3vo3hxw.jpg,2025-08-23T21:22:30.569982+04:00
food_home,background_media,https://careem-mot.imgix.net/merchants/brand-media/shakeshacklogo-1440x477px-02bilin-la3seei6wg-6ba3vo3hxw.jpg,2025-08-23T21:22:30.569984+04:00
food_home,direct_url,https://careem-mot.imgix.net/merchants/brand-media/0017-swadesvegrestaurant-logo-xxxhdpi-noorulhudajpeg-kfvvl7bmfs.jpg,2025-08-23T21:22:30.569998+04:00
food_home,background_media,https://careem-mot.imgix.net/merchants/brand-media/0017-swadesvegrestaurant-logo-xxxhdpi-noorulhudajpeg-kfvvl7bmfs.jpg,2025-08-23T21:22:30.570000+04:00
food_home,direct_url,https://careem-mot.imgix.net/merchants/brand-media/newproject6-enz1xyy10d.jpg,2025-08-23T21:22:30.570014+04:00
food_home,background_media,https://careem-mot.imgix.net/merchants/brand-media/newproject6-enz1xyy10d.jpg,2025-08-23T21:22:30.570016+04:00
food_home,direct_url,https://careem-mot.imgix.net/catalogs/merchants-info/whatsappimage2021-06-27at83304pm-unidnq8z8e.jpg,2025-08-23T21:22:30.570030+04:00
food_home,background_media,https://careem-mot.imgix.net/catalogs/merchants-info/whatsappimage2021-06-27at83304pm-unidnq8z8e.jpg,2025-08-23T21:22:30.570032+04:00
food_home,direct_url,https://careem-mot.imgix.net/merchants/brand-media/0015-aaraamamrestaurant-logo-xxxhdpi-noorulhudapng-uhz30sf3bj.jpg,2025-08-23T21:22:30.570046+04:00
food_home,background_media,https://careem-mot.imgix.net/merchants/brand-media/0015-aaraamamrestaurant-logo-xxxhdpi-noorulhudapng-uhz30sf3bj.jpg,2025-08-23T21:22:30.570049+04:00
food_home,direct_url,https://careem-mot.imgix.net/merchants/brand-media/logo-ygtsexfgez.jpg,2025-08-23T21:22:30.570062+04:00
food_home,background_media,https://careem-mot.imgix.net/merchants/brand-media/logo-ygtsexfgez.jpg,2025-08-23T21:22:30.570064+04:00
food_home,direct_url,https://careem-mot.imgix.net/merchants/brand-media/0026-sbx-logo-vert-ck-kayleegacilespng-ysnwik1ewo.jpg,2025-08-23T21:22:30.570089+04:00
food_home,background_media,https://careem-mot.imgix.net/merchants/brand-media/0026-sbx-logo-vert-ck-kayleegacilespng-ysnwik1ewo.jpg,2025-08-23T21:22:30.570103+04:00
food_home,direct_url,https://careem-mot.imgix.net/merchants/brand-media/newproject4-ltaivsys8k.jpg,2025-08-23T21:22:30.570127+04:00
food_home,background_media,https://careem-mot.imgix.net/merchants/brand-media/newproject4-ltaivsys8k.jpg,2025-08-23T21:22:30.570130+04:00
food_home,generic,https://careem-mot.imgix.net/merchants/merchant-media/whatsappimage2025-03-08at115128am-qokg6l0von.jpg,2025-08-23T21:22:30.570159+04:00
food_home,generic,https://careem-mot.imgix.net/merchants/merchant-media/limscafe-js25bxrz1d.jpeg,2025-08-23T21:22:30.570192+04:00
food_home,generic,https://careem-mot.imgix.net/merchants/merchant-media/138829569-2797150543886710-8110701330862486743-n-9n4oyjdw2w.jpg,2025-08-23T21:22:30.570222+04:00
food_home,generic,https://careem-mot.imgix.net/merchants/merchant-media/8e1a0a1a-cef0-493f-8735-cd049c1a8792-vi1sksyrpw.jpg,2025-08-23T21:22:30.570252+04:00
food_home,generic,https://careem-mot.imgix.net/v3/delivery_menu_images/15542840095ca47de9446dd.jpg,2025-08-23T21:22:30.570282+04:00
food_home,generic,https://careem-mot.imgix.net/merchants/merchant-media/whatsappimage2023-05-26at91939pm-06vagpkdlw.jpg,2025-08-23T21:22:30.570311+04:00
food_home,generic,https://careem-mot.imgix.net/merchants/merchant-media/newproject-j0da7eecno.jpg,2025-08-23T21:22:30.570340+04:00
food_home,generic,https://careem-mot.imgix.net/merchants/merchant-media/heroimage-y4vkdwrgjz.jpg,2025-08-23T21:22:30.570369+04:00
food_home,generic,https://careem-mot.imgix.net/merchants/merchant-media/philadelphiaroll-ramencombo-oqmz6q6sha-i7ukgb0cdu.jpg,2025-08-23T21:22:30.570399+04:00
food_home,generic,https://careem-mot.imgix.net/merchants/merchant-media/br-brandcover-1920x1080-en-06-dayn8qkqxs.jpg,2025-08-23T21:22:30.570428+04:00
food_home,generic,https://careem-mot.imgix.net/merchants/merchant-media/careem1125x780-yg4jhbwiob.jpg,2025-08-23T21:22:30.570457+04:00
food_home,generic,https://careem-mot.imgix.net/merchants/merchant-media/dsc-3364-careem-kxy2xedtb3.jpg,2025-08-23T21:22:30.570487+04:00
food_home,direct_url,https://careem-launcher-media.imgix.net/assets/com.careem.food/Food-EIBbank-GridWidget-384x366_xxxhdpi.jpg,2025-08-23T21:22:30.570536+04:00
food_home,background_media,https://careem-launcher-media.imgix.net/assets/com.careem.food/Food-EIBbank-GridWidget-384x366_xxxhdpi.jpg,2025-08-23T21:22:30.570539+04:00
food_home,direct_url,https://careem-launcher-media.imgix.net/assets/com.careem.food/FAB_25_Updated_grid_xxxhdpi.jpg,2025-08-23T21:22:30.570554+04:00
food_home,background_media,https://careem-launcher-media.imgix.net/assets/com.careem.food/FAB_25_Updated_grid_xxxhdpi.jpg,2025-08-23T21:22:30.570557+04:00
food_home,direct_url,https://careem-launcher-media.imgix.net/assets/com.careem.food/FAB_20_Updated_grid_xxxhdpi.jpg,2025-08-23T21:22:30.570571+04:00
food_home,background_media,https://careem-launcher-media.imgix.net/assets/com.careem.food/FAB_20_Updated_grid_xxxhdpi.jpg,2025-08-23T21:22:30.570574+04:00
food_home,direct_url,https://careem-launcher-media.imgix.net/tmp/com.careem.food/250505_Food_GridWidget_OfferBanks_384x366_xxxhdpi.png,2025-08-23T21:22:30.570588+04:00
food_home,background_media,https://careem-launcher-media.imgix.net/tmp/com.careem.food/250505_Food_GridWidget_OfferBanks_384x366_xxxhdpi.png,2025-08-23T21:22:30.570590+04:00
food_home,direct_url,https://careem-launcher-media.imgix.net/assets/com.careem.food/250625_Food_HILAL_GridWidget_384x366_xxxhdpi.png,2025-08-23T21:22:30.570604+04:00
food_home,background_media,https://careem-launcher-media.imgix.net/assets/com.careem.food/250625_Food_HILAL_GridWidget_384x366_xxxhdpi.png,2025-08-23T21:22:30.570606+04:00
food_home,direct_url,https://careem-launcher-media.imgix.net/assets/com.careem.food/250625_Food_E__GridWidget_384x366_(1)_xxxhdpi.png,2025-08-23T21:22:30.570621+04:00
food_home,background_media,https://careem-launcher-media.imgix.net/assets/com.careem.food/250625_Food_E__GridWidget_384x366_(1)_xxxhdpi.png,2025-08-23T21:22:30.570623+04:00
food_home,generic,https://careem-mot.imgix.net/merchants/merchant-media/kovalam-espaxsecbm.jpg,2025-08-23T21:22:30.570643+04:00
food_home,generic,https://careem-mot.imgix.net/merchants/merchant-media/jawharatalsham-fwlarjowsl.jpg,2025-08-23T21:22:30.570673+04:00
food_home,generic,https://careem-mot.imgix.net/merchants/merchant-media/neer-dosa-and-ghee-roast1-zqogyavukv.jpg,2025-08-23T21:22:30.570705+04:00
food_home,generic,https://careem-mot.imgix.net/merchants/merchant-media/mcdonaldshero-hwwdkcfzzd.jpg,2025-08-23T21:22:30.570735+04:00
food_home,generic,https://careem-mot.imgix.net/merchants/merchant-media/gazebo2-lmrm4lnezl.jpg,2025-08-23T21:22:30.570789+04:00
food_home,generic,https://careem-mot.imgix.net/merchants/merchant-media/dsc08926-qwwodwzhgd.jpg,2025-08-23T21:22:30.570835+04:00
food_home,generic,https://careem-mot.imgix.net/merchants/merchant-media/kamat2-r6varmhzdj.jpg,2025-08-23T21:22:30.570869+04:00
food_home,generic,https://careem-mot.imgix.net/merchants/merchant-media/guntur-gongura-biryani-17f793bfa09-large-4silvle11d.jpg,2025-08-23T21:22:30.570902+04:00
food_home,generic,https://careem-mot.imgix.net/merchants/merchant-media/newproject1-czyclacytt.jpg,2025-08-23T21:22:30.570933+04:00
food_home,generic,https://careem-mot.imgix.net/merchants/merchant-media/rumaanhero-gyy5oezwc8.jpg,2025-08-23T21:22:30.570964+04:00
food_home,generic,https://careem-mot.imgix.net/merchants/merchant-media/mumbaijunctionheroimage-bx4cit1bzz.jpg,2025-08-23T21:22:30.570995+04:00
food_home,generic,https://careem-mot.imgix.net/merchants/merchant-media/chaatbazaarhero-vrw7unhqhh.jpg,2025-08-23T21:22:30.571026+04:00
food_home,generic,https://careem-mot.imgix.net/merchants/merchant-media/cover-7jkrgf6cmu.jpg,2025-08-23T21:22:30.571057+04:00
food_home,generic,https://careem-mot.imgix.net/merchants/merchant-media/jollibeexcareembanner-qvbrfbbu5m.jpg,2025-08-23T21:22:30.571089+04:00
food_home,generic,https://careem-mot.imgix.net/merchants/merchant-media/11-rasgullacopy2-ox0emdjbwg.jpg,2025-08-23T21:22:30.571119+04:00
food_home,generic,https://careem-mot.imgix.net/merchants/merchant-media/q5a0452-edit1-dfczmihn94.jpg,2025-08-23T21:22:30.571149+04:00
food_home,generic,https://careem-mot.imgix.net/merchants/merchant-media/cover-botca2zfvg.jpg,2025-08-23T21:22:30.571179+04:00
food_home,generic,https://careem-mot.imgix.net/merchants/merchant-media/topshot1-ysnbq0hant.jpeg,2025-08-23T21:22:30.571209+04:00
food_home,generic,https://careem-mot.imgix.net/merchants/merchant-media/15579095405cdbd02496dc0-vgddwktcw9.jpeg,2025-08-23T21:22:30.571240+04:00
food_home,generic,https://careem-mot.imgix.net/merchants/merchant-media/coverphoto-wmldqtimud.jpg,2025-08-23T21:22:30.571269+04:00
search,direct_url,https://careem-catalog-media.imgix.net/catalogs/ClassicBeefBurgerCombo-1065583.jpg,2025-08-23T21:22:33.664748+04:00
search,direct_url,https://careem-catalog-media.imgix.net/catalogs/ClassicbeefBurger-1065583.jpg,2025-08-23T21:22:33.664816+04:00
search,direct_url,https://careem-catalog-media.imgix.net/catalogs/DoubleBeefy-1065583.jpg,2025-08-23T21:22:33.664849+04:00
search,direct_url,https://careem-catalog-media.imgix.net/catalogs/DoubleBeefyCombo-1065583.jpg,2025-08-23T21:22:33.664879+04:00
search,direct_url,https://careem-catalog-media.imgix.net/catalogs/TruffleBurger-1065583.jpg,2025-08-23T21:22:33.664911+04:00
search,direct_url,https://careem-catalog-media.imgix.net/catalogs/Steakburritowrap-1066466.jpg,2025-08-23T21:22:33.664992+04:00
search,direct_url,https://careem-catalog-media.imgix.net/catalogs/46-1066466.jpg,2025-08-23T21:22:33.665022+04:00
search,direct_url,https://careem-catalog-media.imgix.net/catalogs/47-1066466.jpg,2025-08-23T21:22:33.665051+04:00
search,direct_url,https://careem-catalog-media.imgix.net/catalogs/Musclebuilderburger-1044671.jpg,2025-08-23T21:22:33.665081+04:00
search,direct_url,https://careem-catalog-media.imgix.net/catalogs/35-1066466.jpg,2025-08-23T21:22:33.665111+04:00
search,direct_url,https://careem-catalog-media.imgix.net/catalogs/bf870e222782fdca08d7493d1c457344.png,2025-08-23T21:22:33.665211+04:00
search,direct_url,https://careem-catalog-media.imgix.net/catalogs/27ea53beb4dc72e7444516d935202b81.png,2025-08-23T21:22:33.665241+04:00
search,direct_url,https://careem-catalog-media.imgix.net/catalogs/1a37e8133bfddb87d9c70bf9c98a0084.png,2025-08-23T21:22:33.665269+04:00
search,direct_url,https://careem-catalog-media.imgix.net/catalogs/f09c5b24e2e0fda6c5c88485e435b420.png,2025-08-23T21:22:33.665298+04:00
search,direct_url,https://careem-catalog-media.imgix.net/catalogs/9ae40d73fdb356708cef4687f0cba03e.png,2025-08-23T21:22:33.665327+04:00
search,direct_url,https://careem-catalog-media.imgix.net/catalogs/fbd1bcc99881ffd2b704314ab10b5cc0.jpg,2025-08-23T21:22:33.665402+04:00
search,direct_url,https://careem-catalog-media.imgix.net/catalogs/47a0f4feec5a8a42db8bc336ac799f51.jpg,2025-08-23T21:22:33.665432+04:00
search,direct_url,https://careem-catalog-media.imgix.net/catalogs/d83973d8f7ba22945861a6020e8b9449.jpg,2025-08-23T21:22:33.665462+04:00
search,direct_url,https://careem-catalog-media.imgix.net/catalogs/3c6889a370302f7f9423b36c9334c293.jpg,2025-08-23T21:22:33.665492+04:00
search,direct_url,https://careem-catalog-media.imgix.net/catalogs/2a7eab94f82dd54ffec193bcd93ee5e8.jpg,2025-08-23T21:22:33.665521+04:00
search,direct_url,https://careem-catalog-media.imgix.net/catalogs/caa1be7ff081f244d3a81dbb716cbf2b.jpeg,2025-08-23T21:22:33.665597+04:00
search,direct_url,https://careem-catalog-media.imgix.net/catalogs/8b9d764b5a96119f5f7f8ad220f7fb59.jpeg,2025-08-23T21:22:33.665626+04:00
search,direct_url,https://careem-catalog-media.imgix.net/catalogs/07a6230d30106b4f480990822b342414.jpeg,2025-08-23T21:22:33.665656+04:00
search,direct_url,https://careem-catalog-media.imgix.net/catalogs/abfc359aeaac72777f0e6a418a3e2c65.jpeg,2025-08-23T21:22:33.665688+04:00
search,direct_url,https://careem-catalog-media.imgix.net/catalogs/a46b5dc217f78ca2e780aceba16d1788.jpeg,2025-08-23T21:22:33.665717+04:00
category_burgers,direct_url,https://careem-catalog-media.imgix.net/catalogs/ClassicBeefBurgerCombo-1065583.jpg,2025-08-23T21:22:36.921346+04:00
category_burgers,direct_url,https://careem-catalog-media.imgix.net/catalogs/ClassicbeefBurger-1065583.jpg,2025-08-23T21:22:36.921422+04:00
category_burgers,direct_url,https://careem-catalog-media.imgix.net/catalogs/DoubleBeefy-1065583.jpg,2025-08-23T21:22:36.921458+04:00
category_burgers,direct_url,https://careem-catalog-media.imgix.net/catalogs/DoubleBeefyCombo-1065583.jpg,2025-08-23T21:22:36.921488+04:00
category_burgers,direct_url,https://careem-catalog-media.imgix.net/catalogs/TruffleBurger-1065583.jpg,2025-08-23T21:22:36.921517+04:00
category_burgers,direct_url,https://careem-catalog-media.imgix.net/catalogs/Steakburritowrap-1066466.jpg,2025-08-23T21:22:36.921607+04:00
category_burgers,direct_url,https://careem-catalog-media.imgix.net/catalogs/46-1066466.jpg,2025-08-23T21:22:36.921638+04:00
category_burgers,direct_url,https://careem-catalog-media.imgix.net/catalogs/47-1066466.jpg,2025-08-23T21:22:36.921667+04:00
category_burgers,direct_url,https://careem-catalog-media.imgix.net/catalogs/Musclebuilderburger-1044671.jpg,2025-08-23T21:22:36.921698+04:00
category_burgers,direct_url,https://careem-catalog-media.imgix.net/catalogs/35-1066466.jpg,2025-08-23T21:22:36.921729+04:00
category_burgers,direct_url,https://careem-catalog-media.imgix.net/catalogs/bf870e222782fdca08d7493d1c457344.png,2025-08-23T21:22:36.921805+04:00
category_burgers,direct_url,https://careem-catalog-media.imgix.net/catalogs/27ea53beb4dc72e7444516d935202b81.png,2025-08-23T21:22:36.921836+04:00
category_burgers,direct_url,https://careem-catalog-media.imgix.net/catalogs/1a37e8133bfddb87d9c70bf9c98a0084.png,2025-08-23T21:22:36.921867+04:00
category_burgers,direct_url,https://careem-catalog-media.imgix.net/catalogs/f09c5b24e2e0fda6c5c88485e435b420.png,2025-08-23T21:22:36.921897+04:00
category_burgers,direct_url,https://careem-catalog-media.imgix.net/catalogs/9ae40d73fdb356708cef4687f0cba03e.png,2025-08-23T21:22:36.921926+04:00
category_burgers,direct_url,https://careem-catalog-media.imgix.net/catalogs/fbd1bcc99881ffd2b704314ab10b5cc0.jpg,2025-08-23T21:22:36.922005+04:00
category_burgers,direct_url,https://careem-catalog-media.imgix.net/catalogs/47a0f4feec5a8a42db8bc336ac799f51.jpg,2025-08-23T21:22:36.922034+04:00
category_burgers,direct_url,https://careem-catalog-media.imgix.net/catalogs/d83973d8f7ba22945861a6020e8b9449.jpg,2025-08-23T21:22:36.922064+04:00
category_burgers,direct_url,https://careem-catalog-media.imgix.net/catalogs/3c6889a370302f7f9423b36c9334c293.jpg,2025-08-23T21:22:36.922094+04:00
category_burgers,direct_url,https://careem-catalog-media.imgix.net/catalogs/2a7eab94f82dd54ffec193bcd93ee5e8.jpg,2025-08-23T21:22:36.922122+04:00
category_burgers,direct_url,https://careem-catalog-media.imgix.net/catalogs/caa1be7ff081f244d3a81dbb716cbf2b.jpeg,2025-08-23T21:22:36.922199+04:00
category_burgers,direct_url,https://careem-catalog-media.imgix.net/catalogs/8b9d764b5a96119f5f7f8ad220f7fb59.jpeg,2025-08-23T21:22:36.922228+04:00
category_burgers,direct_url,https://careem-catalog-media.imgix.net/catalogs/07a6230d30106b4f480990822b342414.jpeg,2025-08-23T21:22:36.922258+04:00
category_burgers,direct_url,https://careem-catalog-media.imgix.net/catalogs/abfc359aeaac72777f0e6a418a3e2c65.jpeg,2025-08-23T21:22:36.922287+04:00
category_burgers,direct_url,https://careem-catalog-media.imgix.net/catalogs/a46b5dc217f78ca2e780aceba16d1788.jpeg,2025-08-23T21:22:36.922316+04:00
category_groceries,tile,https://careem-launcher-media.imgix.net/assets/com.careem.discovery/Rides_icon_xxxhdpi.png,2025-08-23T21:22:39.945925+04:00
category_groceries,tile,https://careem-launcher-media.imgix.net/assets/com.careem.ridehailing/Hala_icon_xxxhdpi.png,2025-08-23T21:22:39.945962+04:00
category_groceries,tile,https://careem-launcher-media.imgix.net/assets/com.careem.food/Food_newicon_update_xxxhdpi.png,2025-08-23T21:22:39.945968+04:00
category_groceries,tile,https://careem-launcher-media.imgix.net/assets/com.careem.discovery/New_Shops_Icon_v3_xxxhdpi.png,2025-08-23T21:22:39.945973+04:00
category_groceries,tile,https://careem-launcher-media.imgix.net/assets/com.careem.discovery/Quik_rebrand_new_xxxhdpi.png,2025-08-23T21:22:39.945977+04:00
category_groceries,tile,https://careem-launcher-media.imgix.net/assets/com.careem.discovery/Electonics_2x_xxxhdpi.png,2025-08-23T21:22:39.945981+04:00
category_groceries,tile,https://careem-launcher-media.imgix.net/assets/com.careem.discovery/Pay_Send_Abroad_completely_new_xxxhdpi.png,2025-08-23T21:22:39.945985+04:00
category_groceries,tile,https://careem-launcher-media.imgix.net/assets/com.careem.discovery/home_services_god_knows_which_version_xxxhdpi.png,2025-08-23T21:22:39.945989+04:00
category_groceries,tile,https://careem-launcher-media.imgix.net/assets/com.careem.explore/Dineout_rebrand_testicon_v2_xxxhdpi.png,2025-08-23T21:22:39.945993+04:00
category_groceries,tile,https://careem-launcher-media.imgix.net/assets/com.careem.discovery/delivery_rebrand_appid_test_xxxhdpi.png,2025-08-23T21:22:39.945996+04:00
category_groceries,tile,https://careem-launcher-media.imgix.net/assets/com.careem.bike/Bike_icon_xxxhdpi.png,2025-08-23T21:22:39.946000+04:00
category_groceries,tile,https://careem-launcher-media.imgix.net/assets/com.careem.partner.swapp/Rental_icon_xxxhdpi.png,2025-08-23T21:22:39.946004+04:00
category_groceries,tile,https://careem-launcher-media.imgix.net/assets/com.careem.discovery/Pay_Bills_new_newest_xxxhdpi.png,2025-08-23T21:22:39.946008+04:00
category_groceries,tile,https://careem-launcher-media.imgix.net/assets/com.careem.discovery/SedanBeige_update_school_xxxhdpi.png,2025-08-23T21:22:39.946012+04:00
category_groceries,tile,https://careem-launcher-media.imgix.net/assets/com.careem.intercity/Citytocity_icon_xxxhdpi.png,2025-08-23T21:22:39.946016+04:00
category_groceries,tile,https://careem-launcher-media.imgix.net/assets/com.careem.pay/donations_rebrand_ghani_xxxhdpi.png,2025-08-23T21:22:39.946019+04:00
category_groceries,tile,https://careem-launcher-media.imgix.net/assets/com.careem.discovery/Send_Locally_new_newest_xxxhdpi.png,2025-08-23T21:22:39.946023+04:00
category_groceries,tile,https://careem-launcher-media.imgix.net/assets/com.careem.discovery/Request_Money_new_newest_xxxhdpi.png,2025-08-23T21:22:39.946027+04:00
category_groceries,offer,https://careem-launcher-media.imgix.net/assets/com.careem.discovery/EA_CategoryTiles_F_Vnew_xxxhdpi.jpg,2025-08-23T21:22:39.946033+04:00
category_groceries,offer,https://careem-launcher-media.imgix.net/assets/com.careem.discovery/EA_CategoryTiles_Milk_Yogurtnew_xxxhdpi.jpg,2025-08-23T21:22:39.946036+04:00
category_groceries,offer,https://careem-launcher-media.imgix.net/assets/com.careem.discovery/EA_CategoryTiles_Cheese_Butternew_xxxhdpi.jpg,2025-08-23T21:22:39.946040+04:00
category_groceries,offer,https://careem-launcher-media.imgix.net/assets/com.careem.discovery/EA_CategoryTiles_Wateroasis_xxxhdpi.jpg,2025-08-23T21:22:39.946044+04:00
category_groceries,offer,https://careem-launcher-media.imgix.net/assets/com.careem.discovery/newbeverages_xxxhdpi.jpg,2025-08-23T21:22:39.946047+04:00
category_groceries,offer,https://careem-launcher-media.imgix.net/assets/com.careem.discovery/EA_CategoryTiles_Bakerynew_xxxhdpi.jpg,2025-08-23T21:22:39.946051+04:00
category_groceries,offer,https://careem-launcher-media.imgix.net/assets/com.careem.discovery/EA_CategoryTiles_Eggsnew_xxxhdpi.jpg,2025-08-23T21:22:39.946054+04:00
category_groceries,offer,https://careem-launcher-media.imgix.net/assets/com.careem.discovery/EA_CategoryTiles_SweetSnacksnew_xxxhdpi.jpg,2025-08-23T21:22:39.946058+04:00
category_groceries,offer,https://careem-launcher-media.imgix.net/assets/com.careem.discovery/EA_CategoryTiles_Snacknews_xxxhdpi.jpg,2025-08-23T21:22:39.946061+04:00
category_groceries,offer,https://careem-launcher-media.imgix.net/assets/com.careem.discovery/EA_CategoryTiles_Oils_Seasoningnew_xxxhdpi.jpg,2025-08-23T21:22:39.946065+04:00
category_groceries,offer,https://careem-launcher-media.imgix.net/assets/com.careem.discovery/EA_CategoryTiles_Condimentsnew_xxxhdpi.jpg,2025-08-23T21:22:39.946068+04:00
category_groceries,offer,https://careem-launcher-media.imgix.net/assets/com.careem.discovery/EA_CategoryTiles_Frozennew_xxxhdpi.jpg,2025-08-23T21:22:39.946072+04:00
category_groceries,offer,https://careem-launcher-media.imgix.net/assets/com.careem.discovery/EA_CategoryTiles_BakinnewgIngredients_xxxhdpi.jpg,2025-08-23T21:22:39.946075+04:00
category_groceries,offer,https://careem-launcher-media.imgix.net/assets/com.careem.discovery/EA_CategoryTiles_Cleaningnew_xxxhdpi.jpg,2025-08-23T21:22:39.946079+04:00
category_groceries,offer,https://careem-launcher-media.imgix.net/assets/com.careem.discovery/EA_CategoryTiles_Laundrynew_xxxhdpi.jpg,2025-08-23T21:22:39.946082+04:00
category_groceries,offer,https://careem-launcher-media.imgix.net/assets/com.careem.discovery/EA_CategoryTiles_Hygiene_PersonalCarenew_xxxhdpi.jpg,2025-08-23T21:22:39.946086+04:00
category_groceries,offer,https://careem-launcher-media.imgix.net/assets/com.careem.discovery/EA_CategoryTiles_Disposablesnew_xxxhdpi.jpg,2025-08-23T21:22:39.946089+04:00
category_groceries,offer,https://careem-launcher-media.imgix.net/assets/com.careem.discovery/EA_CategoryTiles_BabyEssentials_xxxhdpi.jpg,2025-08-23T21:22:39.946093+04:00
category_groceries,offer,https://careem-launcher-media.imgix.net/assets/com.careem.discovery/EA_CategoryTiles_CoffeeandTeanew_xxxhdpi.jpg,2025-08-23T21:22:39.946096+04:00
category_groceries,offer,https://careem-launcher-media.imgix.net/assets/com.careem.discovery/HomeServices-BTS-OfferCards-480x600-SelfCare_(1)_xxxhdpi.jpg,2025-08-23T21:22:39.946121+04:00
category_groceries,offer,https://careem-launcher-media.imgix.net/assets/com.careem.discovery/HomeServices-BTS-OfferCards-480x600-HomeCare_xxxhdpi.jpg,2025-08-23T21:22:39.946125+04:00
category_groceries,offer,https://careem-launcher-media.imgix.net/assets/com.careem.discovery/250318_Bike_UserPromotion_OfferCards_EN_480x600_AC_updated_dubai_xxxhdpi.jpg,2025-08-23T21:22:39.946129+04:00
category_groceries,offer,https://careem-launcher-media.imgix.net/assets/com.careem.discovery/mcw_offers_v2_box_activation_dubai_xl_xxxhdpi.jpg,2025-08-23T21:22:39.946132+04:00
category_groceries,offer,https://careem-launcher-media.imgix.net/assets/com.careem.discovery/mcw_offers_v2_dineout_activation_dubai_bbsocialdining_xxxhdpi.jpg,2025-08-23T21:22:39.946136+04:00
category_groceries,offer,https://careem-launcher-media.imgix.net/assets/com.careem.discovery/mcw_offers_v2_dineout_activation_dubai_crescendo_xxxhdpi.jpg,2025-08-23T21:22:39.946139+04:00
category_groceries,offer,https://careem-launcher-media.imgix.net/assets/com.careem.discovery/mcw_offers_v2_dineout_activation_dubai_toshi_xxxhdpi.jpg,2025-08-23T21:22:39.946143+04:00
category_groceries,offer,https://careem-launcher-media.imgix.net/assets/com.careem.discovery/Careem_HomeService_50OFFER_OfferCards_EN_480x600_(1)_xxxhdpi.png,2025-08-23T21:22:39.946146+04:00
category_groceries,offer,https://careem-launcher-media.imgix.net/assets/com.careem.discovery/mcw_offers_v2_engagement_dubai_tabbyvisacards_30off_xxxhdpi.png,2025-08-23T21:22:39.946150+04:00
category_groceries,offer,https://careem-launcher-media.imgix.net/assets/com.careem.discovery/250130_Food_FAB_OfferCards_PM_480x600_PS_(1)_xxxhdpi.jpg,2025-08-23T21:22:39.946154+04:00
category_groceries,offer,https://careem-launcher-media.imgix.net/assets/com.careem.discovery/mcw_offers_v2_quik_engagement_dubai_alhilalbank_mastercard_rebranding_xxxhdpi.jpg,2025-08-23T21:22:39.946157+04:00
category_groceries,offer,https://careem-launcher-media.imgix.net/assets/com.careem.discovery/250122_Pay_LVAcquisition_OfferCard_480x600_KB_(2)_xxxhdpi.jpg,2025-08-23T21:22:39.946161+04:00
category_groceries,offer,https://careem-launcher-media.imgix.net/assets/com.careem.discovery/Rides-BTD-OfferCards-EN-480x600-1_xxxhdpi.jpg,2025-08-23T21:22:39.946164+04:00
category_groceries,offer,https://careem-launcher-media.imgix.net/assets/com.careem.discovery/CS25-2347_Shops_CasinettoLaunch_OffferCard_EN_480x600_AC_xxxhdpi.jpg,2025-08-23T21:22:39.946168+04:00
category_groceries,offer,https://careem-launcher-media.imgix.net/assets/com.careem.discovery/Shops-Flowers-OfferCard-480x600-FNP30off_xxxhdpi.jpg,2025-08-23T21:22:39.946171+04:00
category_groceries,offer,https://careem-launcher-media.imgix.net/assets/com.careem.discovery/Shops-NewVentures-PharmacyOffers-MedX-OfferCard-480x600-EN_xxxhdpi.jpg,2025-08-23T21:22:39.946175+04:00
category_groceries,offer,https://careem-launcher-media.imgix.net/assets/com.careem.discovery/Shops-BTS-OfferCards-480x600-Marks___Spencer_xxxhdpi.jpg,2025-08-23T21:22:39.946179+04:00
category_groceries,offer,https://careem-launcher-media.imgix.net/assets/com.careem.discovery/mcw_offers_v2_shops_activation_dubai_presentail_20off_xxxhdpi.jpg,2025-08-23T21:22:39.946182+04:00
category_groceries,offer,https://careem-launcher-media.imgix.net/assets/com.careem.discovery/250430_Shops_Boots-75_Off_OfferCard_EN_480x600_AEAUH_xxxhdpi.jpg,2025-08-23T21:22:39.946186+04:00
category_groceries,offer,https://careem-launcher-media.imgix.net/assets/com.careem.discovery/Shops-BTS-OfferCards-480x600-Marks___Spencer_test_xxxhdpi.jpg,2025-08-23T21:22:39.946189+04:00
category_groceries,offer,https://careem-launcher-media.imgix.net/assets/com.careem.discovery/CS25-2814_Shops_FreeGifts_ShopMABanner_EN_480x600_AC_(1)updatedAUH_xxxhdpi.jpg,2025-08-23T21:22:39.946192+04:00
category_groceries,offer,https://careem-launcher-media.imgix.net/assets/com.careem.discovery/mcw_offers_v2_homecleaning_activation_dubai_richcarousel_oc1_xxxhdpi.jpg,2025-08-23T21:22:39.946197+04:00
category_groceries,offer,https://careem-launcher-media.imgix.net/assets/com.careem.discovery/mcw_offers_v2_homecleaning_activation_dubai_richcarousel_oc2_xxxhdpi.jpg,2025-08-23T21:22:39.946200+04:00
category_groceries,offer,https://careem-launcher-media.imgix.net/assets/com.careem.discovery/mcw_offers_v2_homecleaning_activation_dubai_richcarousel_oc3_xxxhdpi.jpg,2025-08-23T21:22:39.946204+04:00
category_groceries,offer,https://careem-launcher-media.imgix.net/assets/com.careem.discovery/mcw_offers_v2_homecleaning_activation_dubai_richcarousel_oc4_xxxhdpi.jpg,2025-08-23T21:22:39.946207+04:00
category_groceries,offer,https://careem-launcher-media.imgix.net/assets/com.careem.discovery/mcw_offers_v2_homecleaning_activation_dubai_richcarousel_oc5_xxxhdpi.jpg,2025-08-23T21:22:39.946211+04:00
category_groceries,offer,https://careem-launcher-media.imgix.net/assets/com.careem.discovery/mcw_offers_v2_homecleaning_activation_dubai_richcarousel_oc6_xxxhdpi.jpg,2025-08-23T21:22:39.946214+04:00
category_groceries,offer,https://careem-launcher-media.imgix.net/assets/com.careem.discovery/mcw_offers_v2_homecleaning_activation_dubai_richcarousel_oc7_xxxhdpi.jpg,2025-08-23T21:22:39.946218+04:00
category_groceries,image,https://careem-launcher-media.imgix.net/assets/com.careem.discovery/Rides_icon_xxxhdpi.png,2025-08-23T21:22:39.946268+04:00
category_groceries,image,https://careem-launcher-media.imgix.net/assets/com.careem.ridehailing/Hala_icon_xxxhdpi.png,2025-08-23T21:22:39.946297+04:00
category_groceries,image,https://careem-launcher-media.imgix.net/assets/com.careem.food/Food_newicon_update_xxxhdpi.png,2025-08-23T21:22:39.946322+04:00
category_groceries,image,https://careem-launcher-media.imgix.net/assets/com.careem.discovery/New_Shops_Icon_v3_xxxhdpi.png,2025-08-23T21:22:39.946349+04:00
category_groceries,image,https://careem-launcher-media.imgix.net/assets/com.careem.discovery/Quik_rebrand_new_xxxhdpi.png,2025-08-23T21:22:39.946372+04:00
category_groceries,image,https://careem-launcher-media.imgix.net/assets/com.careem.discovery/Electonics_2x_xxxhdpi.png,2025-08-23T21:22:39.946398+04:00
category_groceries,image,https://careem-launcher-media.imgix.net/assets/com.careem.discovery/Pay_Send_Abroad_completely_new_xxxhdpi.png,2025-08-23T21:22:39.946420+04:00
category_groceries,image,https://careem-launcher-media.imgix.net/assets/com.careem.discovery/home_services_god_knows_which_version_xxxhdpi.png,2025-08-23T21:22:39.946442+04:00
category_groceries,image,https://careem-launcher-media.imgix.net/assets/com.careem.explore/Dineout_rebrand_testicon_v2_xxxhdpi.png,2025-08-23T21:22:39.946463+04:00
category_groceries,image,https://careem-launcher-media.imgix.net/assets/com.careem.discovery/delivery_rebrand_appid_test_xxxhdpi.png,2025-08-23T21:22:39.946485+04:00
category_groceries,image,https://careem-launcher-media.imgix.net/assets/com.careem.bike/Bike_icon_xxxhdpi.png,2025-08-23T21:22:39.946507+04:00
category_groceries,image,https://careem-launcher-media.imgix.net/assets/com.careem.partner.swapp/Rental_icon_xxxhdpi.png,2025-08-23T21:22:39.946531+04:00
category_groceries,image,https://careem-launcher-media.imgix.net/assets/com.careem.discovery/Pay_Bills_new_newest_xxxhdpi.png,2025-08-23T21:22:39.946554+04:00
category_groceries,image,https://careem-launcher-media.imgix.net/assets/com.careem.discovery/SedanBeige_update_school_xxxhdpi.png,2025-08-23T21:22:39.946575+04:00
category_groceries,image,https://careem-launcher-media.imgix.net/assets/com.careem.intercity/Citytocity_icon_xxxhdpi.png,2025-08-23T21:22:39.946597+04:00
category_groceries,image,https://careem-launcher-media.imgix.net/assets/com.careem.pay/donations_rebrand_ghani_xxxhdpi.png,2025-08-23T21:22:39.946618+04:00
category_groceries,image,https://careem-launcher-media.imgix.net/assets/com.careem.discovery/Send_Locally_new_newest_xxxhdpi.png,2025-08-23T21:22:39.946639+04:00
category_groceries,image,https://careem-launcher-media.imgix.net/assets/com.careem.discovery/Request_Money_new_newest_xxxhdpi.png,2025-08-23T21:22:39.946661+04:00
category_groceries,direct_url,https://careem-launcher-media.imgix.net/assets/com.careem.discovery/240528_CPlus_Banner-Icons-Gift-2_1000x1000_AE_(1)_xxxhdpi.png,2025-08-23T21:22:39.946703+04:00
category_groceries,direct_url,https://careem-launcher-media.imgix.net/assets/com.careem.discovery/EA_CategoryTiles_F_Vnew_xxxhdpi.jpg,2025-08-23T21:22:39.946740+04:00
category_groceries,background_media,https://careem-launcher-media.imgix.net/assets/com.careem.discovery/EA_CategoryTiles_F_Vnew_xxxhdpi.jpg,2025-08-23T21:22:39.946744+04:00
category_groceries,direct_url,https://careem-launcher-media.imgix.net/assets/com.careem.discovery/EA_CategoryTiles_Milk_Yogurtnew_xxxhdpi.jpg,2025-08-23T21:22:39.946766+04:00
category_groceries,background_media,https://careem-launcher-media.imgix.net/assets/com.careem.discovery/EA_CategoryTiles_Milk_Yogurtnew_xxxhdpi.jpg,2025-08-23T21:22:39.946771+04:00
category_groceries,direct_url,https://careem-launcher-media.imgix.net/assets/com.careem.discovery/EA_CategoryTiles_Cheese_Butternew_xxxhdpi.jpg,2025-08-23T21:22:39.946793+04:00
category_groceries,background_media,https://careem-launcher-media.imgix.net/assets/com.careem.discovery/EA_CategoryTiles_Cheese_Butternew_xxxhdpi.jpg,2025-08-23T21:22:39.946797+04:00
category_groceries,direct_url,https://careem-launcher-media.imgix.net/assets/com.careem.discovery/EA_CategoryTiles_Wateroasis_xxxhdpi.jpg,2025-08-23T21:22:39.946819+04:00
category_groceries,background_media,https://careem-launcher-media.imgix.net/assets/com.careem.discovery/EA_CategoryTiles_Wateroasis_xxxhdpi.jpg,2025-08-23T21:22:39.946822+04:00
category_groceries,direct_url,https://careem-launcher-media.imgix.net/assets/com.careem.discovery/newbeverages_xxxhdpi.jpg,2025-08-23T21:22:39.946845+04:00
category_groceries,background_media,https://careem-launcher-media.imgix.net/assets/com.careem.discovery/newbeverages_xxxhdpi.jpg,2025-08-23T21:22:39.946848+04:00
category_groceries,direct_url,https://careem-launcher-media.imgix.net/assets/com.careem.discovery/EA_CategoryTiles_Bakerynew_xxxhdpi.jpg,2025-08-23T21:22:39.946870+04:00
category_groceries,background_media,https://careem-launcher-media.imgix.net/assets/com.careem.discovery/EA_CategoryTiles_Bakerynew_xxxhdpi.jpg,2025-08-23T21:22:39.946873+04:00
category_groceries,direct_url,https://careem-launcher-media.imgix.net/assets/com.careem.discovery/EA_CategoryTiles_Eggsnew_xxxhdpi.jpg,2025-08-23T21:22:39.946895+04:00
category_groceries,background_media,https://careem-launcher-media.imgix.net/assets/com.careem.discovery/EA_CategoryTiles_Eggsnew_xxxhdpi.jpg,2025-08-23T21:22:39.946898+04:00
category_groceries,direct_url,https://careem-launcher-media.imgix.net/assets/com.careem.discovery/EA_CategoryTiles_SweetSnacksnew_xxxhdpi.jpg,2025-08-23T21:22:39.946921+04:00
category_groceries,background_media,https://careem-launcher-media.imgix.net/assets/com.careem.discovery/EA_CategoryTiles_SweetSnacksnew_xxxhdpi.jpg,2025-08-23T21:22:39.946924+04:00
category_groceries,direct_url,https://careem-launcher-media.imgix.net/assets/com.careem.discovery/EA_CategoryTiles_Snacknews_xxxhdpi.jpg,2025-08-23T21:22:39.946945+04:00
category_groceries,background_media,https://careem-launcher-media.imgix.net/assets/com.careem.discovery/EA_CategoryTiles_Snacknews_xxxhdpi.jpg,2025-08-23T21:22:39.946948+04:00
category_groceries,direct_url,https://careem-launcher-media.imgix.net/assets/com.careem.discovery/EA_CategoryTiles_Oils_Seasoningnew_xxxhdpi.jpg,2025-08-23T21:22:39.946969+04:00
category_groceries,background_media,https://careem-launcher-media.imgix.net/assets/com.careem.discovery/EA_CategoryTiles_Oils_Seasoningnew_xxxhdpi.jpg,2025-08-23T21:22:39.946972+04:00
category_groceries,direct_url,https://careem-launcher-media.imgix.net/assets/com.careem.discovery/EA_CategoryTiles_Condimentsnew_xxxhdpi.jpg,2025-08-23T21:22:39.946994+04:00
category_groceries,background_media,https://careem-launcher-media.imgix.net/assets/com.careem.discovery/EA_CategoryTiles_Condimentsnew_xxxhdpi.jpg,2025-08-23T21:22:39.946997+04:00
category_groceries,direct_url,https://careem-launcher-media.imgix.net/assets/com.careem.discovery/EA_CategoryTiles_Frozennew_xxxhdpi.jpg,2025-08-23T21:22:39.947021+04:00
category_groceries,background_media,https://careem-launcher-media.imgix.net/assets/com.careem.discovery/EA_CategoryTiles_Frozennew_xxxhdpi.jpg,2025-08-23T21:22:39.947024+04:00
category_groceries,direct_url,https://careem-launcher-media.imgix.net/assets/com.careem.discovery/EA_CategoryTiles_BakinnewgIngredients_xxxhdpi.jpg,2025-08-23T21:22:39.947046+04:00
category_groceries,background_media,https://careem-launcher-media.imgix.net/assets/com.careem.discovery/EA_CategoryTiles_BakinnewgIngredients_xxxhdpi.jpg,2025-08-23T21:22:39.947050+04:00
category_groceries,direct_url,https://careem-launcher-media.imgix.net/assets/com.careem.discovery/EA_CategoryTiles_Cleaningnew_xxxhdpi.jpg,2025-08-23T21:22:39.947072+04:00
category_groceries,background_media,https://careem-launcher-media.imgix.net/assets/com.careem.discovery/EA_CategoryTiles_Cleaningnew_xxxhdpi.jpg,2025-08-23T21:22:39.947075+04:00
category_groceries,direct_url,https://careem-launcher-media.imgix.net/assets/com.careem.discovery/EA_CategoryTiles_Laundrynew_xxxhdpi.jpg,2025-08-23T21:22:39.947097+04:00
category_groceries,background_media,https://careem-launcher-media.imgix.net/assets/com.careem.discovery/EA_CategoryTiles_Laundrynew_xxxhdpi.jpg,2025-08-23T21:22:39.947100+04:00
category_groceries,direct_url,https://careem-launcher-media.imgix.net/assets/com.careem.discovery/EA_CategoryTiles_Hygiene_PersonalCarenew_xxxhdpi.jpg,2025-08-23T21:22:39.947123+04:00
category_groceries,background_media,https://careem-launcher-media.imgix.net/assets/com.careem.discovery/EA_CategoryTiles_Hygiene_PersonalCarenew_xxxhdpi.jpg,2025-08-23T21:22:39.947126+04:00
category_groceries,direct_url,https://careem-launcher-media.imgix.net/assets/com.careem.discovery/EA_CategoryTiles_Disposablesnew_xxxhdpi.jpg,2025-08-23T21:22:39.947148+04:00
category_groceries,background_media,https://careem-launcher-media.imgix.net/assets/com.careem.discovery/EA_CategoryTiles_Disposablesnew_xxxhdpi.jpg,2025-08-23T21:22:39.947151+04:00
category_groceries,direct_url,https://careem-launcher-media.imgix.net/assets/com.careem.discovery/EA_CategoryTiles_BabyEssentials_xxxhdpi.jpg,2025-08-23T21:22:39.947173+04:00
category_groceries,background_media,https://careem-launcher-media.imgix.net/assets/com.careem.discovery/EA_CategoryTiles_BabyEssentials_xxxhdpi.jpg,2025-08-23T21:22:39.947176+04:00
category_groceries,direct_url,https://careem-launcher-media.imgix.net/assets/com.careem.discovery/EA_CategoryTiles_CoffeeandTeanew_xxxhdpi.jpg,2025-08-23T21:22:39.947198+04:00
category_groceries,background_media,https://careem-launcher-media.imgix.net/assets/com.careem.discovery/EA_CategoryTiles_CoffeeandTeanew_xxxhdpi.jpg,2025-08-23T21:22:39.947202+04:00
category_groceries,background_media,https://careem-launcher-media.imgix.net/assets/com.careem.discovery/Electronics-BTS-LightCarouselHeader-375x140_(1)-v2_xxxhdpi.jpg,2025-08-23T21:22:39.947237+04:00
category_groceries,generic,https://careem-catalog-media.imgix.net/catalogs/294810651e765f1a112ed956cbe2b7cb.png,2025-08-23T21:22:39.947252+04:00
category_groceries,generic,https://careem-catalog-media.imgix.net/catalogs/7dfa43e482bf783d3dda83a7c4872d22.png,2025-08-23T21:22:39.947256+04:00
category_groceries,generic,https://careem-catalog-media.imgix.net/catalogs/d0cb06ea45d5f0988307bd609f609ff0.png,2025-08-23T21:22:39.947259+04:00
category_groceries,generic,https://careem-catalog-media.imgix.net/catalogs/2abbe6bcaed08fe690e71fecdf751430.jpg,2025-08-23T21:22:39.947333+04:00
category_groceries,generic,https://careem-catalog-media.imgix.net/catalogs/1275f2cf0a665dc9259b195943092c80.png,2025-08-23T21:22:39.947403+04:00
category_groceries,generic,https://careem-catalog-media.imgix.net/catalogs/d043e12c1779166818a1a6dba885a0d6.png,2025-08-23T21:22:39.947407+04:00
category_groceries,generic,https://careem-catalog-media.imgix.net/catalogs/fbd14cfa49e31a813c2d54e49efcc5c6.png,2025-08-23T21:22:39.947410+04:00
category_groceries,generic,https://careem-catalog-media.imgix.net/catalogs/d788cf60bf56c12aa9c70d1bbde3f8c2.png,2025-08-23T21:22:39.947413+04:00
category_groceries,generic,https://careem-catalog-media.imgix.net/catalogs/c0c40bfac7b356df707652b309944fcc.png,2025-08-23T21:22:39.947416+04:00
category_groceries,generic,https://careem-catalog-media.imgix.net/catalogs/89d3681b8963988f46a54d58047fc2e4.png,2025-08-23T21:22:39.947484+04:00
category_groceries,generic,https://careem-catalog-media.imgix.net/catalogs/17d92035287df42204865d656e75c792.png,2025-08-23T21:22:39.947552+04:00
category_groceries,generic,https://careem-catalog-media.imgix.net/catalogs/2478ad6572627d6b5586077639104fa6.png,2025-08-23T21:22:39.947556+04:00
category_groceries,generic,https://careem-catalog-media.imgix.net/catalogs/6d3485c99f1f9ee47aad5f7589b1ddd9.png,2025-08-23T21:22:39.947559+04:00
category_groceries,generic,https://careem-catalog-media.imgix.net/catalogs/c69457269d07693cd02a7cd91588cf82.png,2025-08-23T21:22:39.947562+04:00
category_groceries,generic,https://careem-catalog-media.imgix.net/catalogs/92051bf85b9b856912fce514baa6eb51.png,2025-08-23T21:22:39.947564+04:00
category_groceries,generic,https://careem-catalog-media.imgix.net/catalogs/ffb5c275852289eb278ec7aad8e07a11.png,2025-08-23T21:22:39.947567+04:00
category_groceries,generic,https://careem-catalog-media.imgix.net/catalogs/00f3fdbb815b42f9ad04016d67ab8634.jpg,2025-08-23T21:22:39.947635+04:00
category_groceries,generic,https://careem-catalog-media.imgix.net/catalogs/32d926769e53908a438cec23ca65c24a.jpg,2025-08-23T21:22:39.947704+04:00
category_groceries,generic,https://careem-catalog-media.imgix.net/catalogs/782894d0cb680a4834c151d8e9dbc828.jpg,2025-08-23T21:22:39.947772+04:00
category_groceries,generic,https://careem-catalog-media.imgix.net/catalogs/06ee58e9f811c7b66e659245a4e65e4d.png,2025-08-23T21:22:39.947843+04:00
category_groceries,generic,https://careem-catalog-media.imgix.net/catalogs/3781f963b33d80527a32090dba3dc1c4.png,2025-08-23T21:22:39.947846+04:00
category_groceries,generic,https://careem-catalog-media.imgix.net/catalogs/32a5fb790f6eb2ace3f87b70b01ff804.png,2025-08-23T21:22:39.947849+04:00
category_groceries,generic,https://careem-catalog-media.imgix.net/catalogs/c62cdfd68425000aafade02bc71b80fa.png,2025-08-23T21:22:39.947916+04:00
category_groceries,generic,https://careem-catalog-media.imgix.net/catalogs/6be91d82ffffd03e5fea173fb1b9c430.png,2025-08-23T21:22:39.947919+04:00
category_groceries,generic,https://careem-catalog-media.imgix.net/catalogs/6d3d7d8ecc85c4a0e9974eea209a3bd6.png,2025-08-23T21:22:39.947922+04:00
category_groceries,generic,https://careem-catalog-media.imgix.net/catalogs/ee093025cc2ca4eec8fb1363f74968d3.png,2025-08-23T21:22:39.947990+04:00
category_groceries,generic,https://careem-catalog-media.imgix.net/catalogs/a36fdec055e5609541f5c7b9471d44d9.png,2025-08-23T21:22:39.947993+04:00
category_groceries,generic,https://careem-catalog-media.imgix.net/catalogs/c3431610f03ffebd16725029fc4f909d.png,2025-08-23T21:22:39.947996+04:00
category_groceries,generic,https://careem-catalog-media.imgix.net/catalogs/09cb80108b8d3fd92eae3b80ab5c0020.png,2025-08-23T21:22:39.947999+04:00
category_groceries,generic,https://careem-catalog-media.imgix.net/catalogs/ba82f788e50e5d6801e88fd89626f9f8.png,2025-08-23T21:22:39.948002+04:00
category_groceries,generic,https://careem-catalog-media.imgix.net/catalogs/97124305ec319bde0334adeba584ba16.png,2025-08-23T21:22:39.948005+04:00
category_groceries,generic,https://careem-catalog-media.imgix.net/catalogs/c1e2c86c5080c6b0e13368a9b49d24c1.png,2025-08-23T21:22:39.948008+04:00
category_groceries,generic,https://careem-catalog-media.imgix.net/catalogs/f458be2e25ec2d48d80000d00deac047.jpg,2025-08-23T21:22:39.948078+04:00
category_groceries,generic,https://careem-catalog-media.imgix.net/catalogs/a1ee9480c6f51aa8c5376f27614af209.png,2025-08-23T21:22:39.948145+04:00
category_groceries,generic,https://careem-catalog-media.imgix.net/catalogs/3fdc1712a1029b808247087a024fd558.png,2025-08-23T21:22:39.948149+04:00
category_groceries,generic,https://careem-catalog-media.imgix.net/catalogs/508b45faf865a33b9267b3df30a93838.jpg,2025-08-23T21:22:39.948152+04:00
category_groceries,generic,https://careem-catalog-media.imgix.net/catalogs/80497f2422b65ae06742c20abb4f4c5d.jpg,2025-08-23T21:22:39.948155+04:00
category_groceries,generic,https://careem-catalog-media.imgix.net/catalogs/b1c3c403a76db261fa87e00f8420c6e9.png,2025-08-23T21:22:39.948223+04:00
category_groceries,generic,https://careem-catalog-media.imgix.net/catalogs/43b28a12dc3a5cd7f5c8c7c69051d4c3.png,2025-08-23T21:22:39.948291+04:00
category_groceries,generic,https://careem-catalog-media.imgix.net/catalogs/258f130108df3ad3ad8e5a9ad59479a8.png,2025-08-23T21:22:39.948294+04:00
category_groceries,generic,https://careem-catalog-media.imgix.net/catalogs/201be25c9d7b9a589668906f7e273386.png,2025-08-23T21:22:39.948297+04:00
category_groceries,generic,https://careem-catalog-media.imgix.net/catalogs/c493e93e23cf0c2230def7a416e2341d.jpg,2025-08-23T21:22:39.948365+04:00
category_groceries,generic,https://careem-catalog-media.imgix.net/catalogs/bc9d6fe8c5eecf0a7415d7fb7aee4b30.png,2025-08-23T21:22:39.948433+04:00
category_groceries,generic,https://careem-catalog-media.imgix.net/catalogs/b1f1bcacf5ef603c43d525cf997a2be9.png,2025-08-23T21:22:39.948437+04:00
category_groceries,generic,https://careem-catalog-media.imgix.net/catalogs/0009d1c6f987cbcf225ce658fdae29ec.png,2025-08-23T21:22:39.948439+04:00
category_groceries,generic,https://careem-catalog-media.imgix.net/catalogs/bfa41814e41d72ff4876f023de8cbd35.png,2025-08-23T21:22:39.948510+04:00
category_groceries,generic,https://careem-catalog-media.imgix.net/catalogs/94a99a506ab900cc14fb14186db01b1e.png,2025-08-23T21:22:39.948589+04:00
category_groceries,generic,https://careem-catalog-media.imgix.net/catalogs/76998d3bcc153daef65df7476bc64ea7.png,2025-08-23T21:22:39.948592+04:00
category_groceries,generic,https://careem-catalog-media.imgix.net/catalogs/16b447cad42a9188ce3bb18a0829407c.png,2025-08-23T21:22:39.948595+04:00
category_groceries,generic,https://careem-catalog-media.imgix.net/catalogs/77dbc7b6f457b0a532ccf9784e911b0e.png,2025-08-23T21:22:39.948663+04:00
category_groceries,generic,https://careem-catalog-media.imgix.net/catalogs/13f360378e091c121a45907410d6b94e.png,2025-08-23T21:22:39.948666+04:00
category_groceries,generic,https://careem-catalog-media.imgix.net/catalogs/2280bf7eb9862b0a05a1b6f9384e0c07.png,2025-08-23T21:22:39.948670+04:00
category_groceries,generic,https://careem-catalog-media.imgix.net/catalogs/d679b74ff5787c5359bdcfaf9d15adf3.png,2025-08-23T21:22:39.948673+04:00
category_groceries,generic,https://careem-catalog-media.imgix.net/catalogs/a2d39c5a0a91113063dc789f99f6bdbc.png,2025-08-23T21:22:39.948676+04:00
category_groceries,direct_url,https://careem-launcher-media.imgix.net/assets/com.careem.discovery/HomeServices-BTS-OfferCards-480x600-SelfCare_(1)_xxxhdpi.jpg,2025-08-23T21:22:39.948758+04:00
category_groceries,background_media,https://careem-launcher-media.imgix.net/assets/com.careem.discovery/HomeServices-BTS-OfferCards-480x600-SelfCare_(1)_xxxhdpi.jpg,2025-08-23T21:22:39.948762+04:00
category_groceries,direct_url,https://careem-launcher-media.imgix.net/assets/com.careem.discovery/HomeServices-BTS-OfferCards-480x600-HomeCare_xxxhdpi.jpg,2025-08-23T21:22:39.948788+04:00
category_groceries,background_media,https://careem-launcher-media.imgix.net/assets/com.careem.discovery/HomeServices-BTS-OfferCards-480x600-HomeCare_xxxhdpi.jpg,2025-08-23T21:22:39.948792+04:00
category_groceries,direct_url,https://careem-launcher-media.imgix.net/assets/com.careem.discovery/250318_Bike_UserPromotion_OfferCards_EN_480x600_AC_updated_dubai_xxxhdpi.jpg,2025-08-23T21:22:39.948818+04:00
category_groceries,background_media,https://careem-launcher-media.imgix.net/assets/com.careem.discovery/250318_Bike_UserPromotion_OfferCards_EN_480x600_AC_updated_dubai_xxxhdpi.jpg,2025-08-23T21:22:39.948822+04:00
category_groceries,direct_url,https://careem-launcher-media.imgix.net/assets/com.careem.discovery/mcw_offers_v2_box_activation_dubai_xl_xxxhdpi.jpg,2025-08-23T21:22:39.948859+04:00
category_groceries,background_media,https://careem-launcher-media.imgix.net/assets/com.careem.discovery/mcw_offers_v2_box_activation_dubai_xl_xxxhdpi.jpg,2025-08-23T21:22:39.948863+04:00
category_groceries,direct_url,https://careem-launcher-media.imgix.net/assets/com.careem.discovery/mcw_offers_v2_dineout_activation_dubai_bbsocialdining_xxxhdpi.jpg,2025-08-23T21:22:39.948888+04:00
category_groceries,background_media,https://careem-launcher-media.imgix.net/assets/com.careem.discovery/mcw_offers_v2_dineout_activation_dubai_bbsocialdining_xxxhdpi.jpg,2025-08-23T21:22:39.948891+04:00
category_groceries,direct_url,https://careem-launcher-media.imgix.net/assets/com.careem.discovery/mcw_offers_v2_dineout_activation_dubai_crescendo_xxxhdpi.jpg,2025-08-23T21:22:39.948917+04:00
category_groceries,background_media,https://careem-launcher-media.imgix.net/assets/com.careem.discovery/mcw_offers_v2_dineout_activation_dubai_crescendo_xxxhdpi.jpg,2025-08-23T21:22:39.948921+04:00
category_groceries,direct_url,https://careem-launcher-media.imgix.net/assets/com.careem.discovery/mcw_offers_v2_dineout_activation_dubai_toshi_xxxhdpi.jpg,2025-08-23T21:22:39.948946+04:00
category_groceries,background_media,https://careem-launcher-media.imgix.net/assets/com.careem.discovery/mcw_offers_v2_dineout_activation_dubai_toshi_xxxhdpi.jpg,2025-08-23T21:22:39.948950+04:00
category_groceries,direct_url,https://careem-launcher-media.imgix.net/assets/com.careem.discovery/Careem_HomeService_50OFFER_OfferCards_EN_480x600_(1)_xxxhdpi.png,2025-08-23T21:22:39.948975+04:00
category_groceries,background_media,https://careem-launcher-media.imgix.net/assets/com.careem.discovery/Careem_HomeService_50OFFER_OfferCards_EN_480x600_(1)_xxxhdpi.png,2025-08-23T21:22:39.948978+04:00
category_groceries,direct_url,https://careem-launcher-media.imgix.net/assets/com.careem.discovery/mcw_offers_v2_engagement_dubai_tabbyvisacards_30off_xxxhdpi.png,2025-08-23T21:22:39.949004+04:00
category_groceries,background_media,https://careem-launcher-media.imgix.net/assets/com.careem.discovery/mcw_offers_v2_engagement_dubai_tabbyvisacards_30off_xxxhdpi.png,2025-08-23T21:22:39.949008+04:00
category_groceries,direct_url,https://careem-launcher-media.imgix.net/assets/com.careem.discovery/250130_Food_FAB_OfferCards_PM_480x600_PS_(1)_xxxhdpi.jpg,2025-08-23T21:22:39.949034+04:00
category_groceries,background_media,https://careem-launcher-media.imgix.net/assets/com.careem.discovery/250130_Food_FAB_OfferCards_PM_480x600_PS_(1)_xxxhdpi.jpg,2025-08-23T21:22:39.949037+04:00
category_groceries,direct_url,https://careem-launcher-media.imgix.net/assets/com.careem.discovery/mcw_offers_v2_quik_engagement_dubai_alhilalbank_mastercard_rebranding_xxxhdpi.jpg,2025-08-23T21:22:39.949063+04:00
category_groceries,background_media,https://careem-launcher-media.imgix.net/assets/com.careem.discovery/mcw_offers_v2_quik_engagement_dubai_alhilalbank_mastercard_rebranding_xxxhdpi.jpg,2025-08-23T21:22:39.949066+04:00
category_groceries,direct_url,https://careem-launcher-media.imgix.net/assets/com.careem.discovery/250122_Pay_LVAcquisition_OfferCard_480x600_KB_(2)_xxxhdpi.jpg,2025-08-23T21:22:39.949093+04:00
category_groceries,background_media,https://careem-launcher-media.imgix.net/assets/com.careem.discovery/250122_Pay_LVAcquisition_OfferCard_480x600_KB_(2)_xxxhdpi.jpg,2025-08-23T21:22:39.949098+04:00
category_groceries,direct_url,https://careem-launcher-media.imgix.net/assets/com.careem.discovery/Rides-BTD-OfferCards-EN-480x600-1_xxxhdpi.jpg,2025-08-23T21:22:39.949124+04:00
category_groceries,background_media,https://careem-launcher-media.imgix.net/assets/com.careem.discovery/Rides-BTD-OfferCards-EN-480x600-1_xxxhdpi.jpg,2025-08-23T21:22:39.949128+04:00
category_groceries,direct_url,https://careem-launcher-media.imgix.net/assets/com.careem.discovery/CS25-2347_Shops_CasinettoLaunch_OffferCard_EN_480x600_AC_xxxhdpi.jpg,2025-08-23T21:22:39.949154+04:00
category_groceries,background_media,https://careem-launcher-media.imgix.net/assets/com.careem.discovery/CS25-2347_Shops_CasinettoLaunch_OffferCard_EN_480x600_AC_xxxhdpi.jpg,2025-08-23T21:22:39.949157+04:00
category_groceries,direct_url,https://careem-launcher-media.imgix.net/assets/com.careem.discovery/Shops-Flowers-OfferCard-480x600-FNP30off_xxxhdpi.jpg,2025-08-23T21:22:39.949184+04:00
category_groceries,background_media,https://careem-launcher-media.imgix.net/assets/com.careem.discovery/Shops-Flowers-OfferCard-480x600-FNP30off_xxxhdpi.jpg,2025-08-23T21:22:39.949187+04:00
category_groceries,direct_url,https://careem-launcher-media.imgix.net/assets/com.careem.discovery/Shops-NewVentures-PharmacyOffers-MedX-OfferCard-480x600-EN_xxxhdpi.jpg,2025-08-23T21:22:39.949214+04:00
category_groceries,background_media,https://careem-launcher-media.imgix.net/assets/com.careem.discovery/Shops-NewVentures-PharmacyOffers-MedX-OfferCard-480x600-EN_xxxhdpi.jpg,2025-08-23T21:22:39.949217+04:00
category_groceries,direct_url,https://careem-launcher-media.imgix.net/assets/com.careem.discovery/Shops-BTS-OfferCards-480x600-Marks___Spencer_xxxhdpi.jpg,2025-08-23T21:22:39.949244+04:00
category_groceries,background_media,https://careem-launcher-media.imgix.net/assets/com.careem.discovery/Shops-BTS-OfferCards-480x600-Marks___Spencer_xxxhdpi.jpg,2025-08-23T21:22:39.949247+04:00
category_groceries,direct_url,https://careem-launcher-media.imgix.net/assets/com.careem.discovery/mcw_offers_v2_shops_activation_dubai_presentail_20off_xxxhdpi.jpg,2025-08-23T21:22:39.949273+04:00
category_groceries,background_media,https://careem-launcher-media.imgix.net/assets/com.careem.discovery/mcw_offers_v2_shops_activation_dubai_presentail_20off_xxxhdpi.jpg,2025-08-23T21:22:39.949277+04:00
category_groceries,direct_url,https://careem-launcher-media.imgix.net/assets/com.careem.discovery/250430_Shops_Boots-75_Off_OfferCard_EN_480x600_AEAUH_xxxhdpi.jpg,2025-08-23T21:22:39.949304+04:00
category_groceries,background_media,https://careem-launcher-media.imgix.net/assets/com.careem.discovery/250430_Shops_Boots-75_Off_OfferCard_EN_480x600_AEAUH_xxxhdpi.jpg,2025-08-23T21:22:39.949307+04:00
category_groceries,direct_url,https://careem-launcher-media.imgix.net/assets/com.careem.discovery/Shops-BTS-OfferCards-480x600-Marks___Spencer_test_xxxhdpi.jpg,2025-08-23T21:22:39.949340+04:00
category_groceries,background_media,https://careem-launcher-media.imgix.net/assets/com.careem.discovery/Shops-BTS-OfferCards-480x600-Marks___Spencer_test_xxxhdpi.jpg,2025-08-23T21:22:39.949343+04:00
category_groceries,direct_url,https://careem-launcher-media.imgix.net/assets/com.careem.discovery/CS25-2814_Shops_FreeGifts_ShopMABanner_EN_480x600_AC_(1)updatedAUH_xxxhdpi.jpg,2025-08-23T21:22:39.949370+04:00
category_groceries,background_media,https://careem-launcher-media.imgix.net/assets/com.careem.discovery/CS25-2814_Shops_FreeGifts_ShopMABanner_EN_480x600_AC_(1)updatedAUH_xxxhdpi.jpg,2025-08-23T21:22:39.949373+04:00
category_groceries,direct_url,https://careem-launcher-media.imgix.net/assets/com.careem.discovery/mcw_offers_v2_homecleaning_activation_dubai_richcarousel_oc1_xxxhdpi.jpg,2025-08-23T21:22:39.949426+04:00
category_groceries,background_media,https://careem-launcher-media.imgix.net/assets/com.careem.discovery/mcw_offers_v2_homecleaning_activation_dubai_richcarousel_oc1_xxxhdpi.jpg,2025-08-23T21:22:39.949430+04:00
category_groceries,direct_url,https://careem-launcher-media.imgix.net/assets/com.careem.discovery/mcw_offers_v2_homecleaning_activation_dubai_richcarousel_oc2_xxxhdpi.jpg,2025-08-23T21:22:39.949457+04:00
category_groceries,background_media,https://careem-launcher-media.imgix.net/assets/com.careem.discovery/mcw_offers_v2_homecleaning_activation_dubai_richcarousel_oc2_xxxhdpi.jpg,2025-08-23T21:22:39.949461+04:00
category_groceries,direct_url,https://careem-launcher-media.imgix.net/assets/com.careem.discovery/mcw_offers_v2_homecleaning_activation_dubai_richcarousel_oc3_xxxhdpi.jpg,2025-08-23T21:22:39.949488+04:00
category_groceries,background_media,https://careem-launcher-media.imgix.net/assets/com.careem.discovery/mcw_offers_v2_homecleaning_activation_dubai_richcarousel_oc3_xxxhdpi.jpg,2025-08-23T21:22:39.949492+04:00
category_groceries,direct_url,https://careem-launcher-media.imgix.net/assets/com.careem.discovery/mcw_offers_v2_homecleaning_activation_dubai_richcarousel_oc4_xxxhdpi.jpg,2025-08-23T21:22:39.949519+04:00
category_groceries,background_media,https://careem-launcher-media.imgix.net/assets/com.careem.discovery/mcw_offers_v2_homecleaning_activation_dubai_richcarousel_oc4_xxxhdpi.jpg,2025-08-23T21:22:39.949522+04:00
category_groceries,direct_url,https://careem-launcher-media.imgix.net/assets/com.careem.discovery/mcw_offers_v2_homecleaning_activation_dubai_richcarousel_oc5_xxxhdpi.jpg,2025-08-23T21:22:39.949550+04:00
category_groceries,background_media,https://careem-launcher-media.imgix.net/assets/com.careem.discovery/mcw_offers_v2_homecleaning_activation_dubai_richcarousel_oc5_xxxhdpi.jpg,2025-08-23T21:22:39.949553+04:00
category_groceries,direct_url,https://careem-launcher-media.imgix.net/assets/com.careem.discovery/mcw_offers_v2_homecleaning_activation_dubai_richcarousel_oc6_xxxhdpi.jpg,2025-08-23T21:22:39.949580+04:00
category_groceries,background_media,https://careem-launcher-media.imgix.net/assets/com.careem.discovery/mcw_offers_v2_homecleaning_activation_dubai_richcarousel_oc6_xxxhdpi.jpg,2025-08-23T21:22:39.949583+04:00
category_groceries,direct_url,https://careem-launcher-media.imgix.net/assets/com.careem.discovery/mcw_offers_v2_homecleaning_activation_dubai_richcarousel_oc7_xxxhdpi.jpg,2025-08-23T21:22:39.949611+04:00
category_groceries,background_media,https://careem-launcher-media.imgix.net/assets/com.careem.discovery/mcw_offers_v2_homecleaning_activation_dubai_richcarousel_oc7_xxxhdpi.jpg,2025-08-23T21:22:39.949614+04:00
